Model,GOF Precision,LOF Precision,Neutral Precision,GOF Recall,LOF Recall,Neutral Recall,Neutral MCC,GOF MCC,LOF MCC,GOF F1,LOF F1,Neutral F1,Neutral AP,GOF AP,LOF AP
1,0.12,0.9,0.95,0.9,0.56,0.64,0.6514,0.2491,0.5476,0.22,0.69,0.76,0.8620226114823216,0.12077374103354124,0.8287636898227329
2,0.12,0.9,0.95,0.9,0.56,0.64,0.6514,0.2491,0.5476,0.22,0.69,0.76,0.8620226114823216,0.12077374103354124,0.8287636898227329
3,0.12,0.92,0.93,0.91,0.53,0.66,0.6467,0.2502,0.5503,0.22,0.67,0.77,0.8617061299780493,0.1203527891330346,0.8180530862112625
4,0.16,0.9,0.93,0.83,0.59,0.8,0.7538,0.2908,0.5724,0.27,0.71,0.86,0.9414860406974622,0.18146450564453998,0.9083279743257882
5,0.16,0.91,0.92,0.78,0.62,0.83,0.7783,0.2862,0.6026,0.27,0.74,0.88,0.9461682012030617,0.16134209485741718,0.9058468500165973
6,0.16,0.91,0.92,0.78,0.62,0.83,0.7783,0.2862,0.6026,0.27,0.74,0.88,0.9461682012030617,0.16134209485741718,0.9058468500165973
7,0.16,0.91,0.92,0.74,0.62,0.84,0.778,0.2693,0.6009,0.26,0.74,0.88,0.945645669299215,0.16159077777490077,0.902888421139251
8,0.17,0.9,0.92,0.73,0.63,0.84,0.7768,0.2766,0.6014,0.27,0.74,0.88,0.9447623424637419,0.15794359602995178,0.9030990798947508
9,0.17,0.9,0.91,0.72,0.63,0.84,0.7746,0.2744,0.6042,0.27,0.74,0.88,0.9445809610040253,0.16093891780642494,0.9041988469507806
10,0.19,0.9,0.92,0.75,0.68,0.84,0.7775,0.3192,0.639,0.31,0.78,0.88,0.944954904860367,0.24179620196503307,0.9073753541394494
11,0.2,0.9,0.91,0.75,0.69,0.84,0.7758,0.3255,0.6403,0.32,0.78,0.88,0.9446875614112868,0.24660956900411138,0.9102403810315258
12,0.21,0.9,0.91,0.72,0.7,0.85,0.7756,0.3253,0.6511,0.32,0.79,0.88,0.9463493509361549,0.21783613668103527,0.9103503628034741
13,0.21,0.9,0.91,0.7,0.72,0.85,0.7761,0.3262,0.666,0.33,0.8,0.88,0.9456647277200064,0.22403283354529863,0.9096800005728725
14,0.21,0.9,0.91,0.7,0.72,0.85,0.7796,0.327,0.6638,0.33,0.8,0.88,0.9456446323917411,0.2028126733603021,0.9074824198024145
15,0.24,0.9,0.91,0.74,0.74,0.86,0.7859,0.3691,0.6753,0.36,0.81,0.88,0.9484264251475941,0.25664354240078363,0.9103895209313024
16,0.24,0.9,0.91,0.73,0.74,0.85,0.7809,0.3623,0.6766,0.36,0.81,0.88,0.9479131742715998,0.27922756241872326,0.9122893173632487
17,0.24,0.89,0.91,0.74,0.73,0.86,0.7867,0.3659,0.664,0.36,0.8,0.88,0.9479114551630293,0.27056687991150835,0.9104471441871271
18,0.24,0.89,0.91,0.74,0.73,0.86,0.7867,0.3659,0.664,0.36,0.8,0.88,0.9479114551630293,0.27056687991150835,0.9104471441871271
19,0.24,0.89,0.91,0.74,0.73,0.86,0.7874,0.368,0.6695,0.36,0.81,0.88,0.9473650267042145,0.2608865051177142,0.9100252032547196
20,0.23,0.88,0.91,0.66,0.74,0.85,0.7775,0.3303,0.6652,0.34,0.81,0.88,0.9480776873476175,0.18451338645966295,0.9084116964648675
21,0.22,0.88,0.91,0.62,0.74,0.85,0.7773,0.3135,0.6644,0.33,0.81,0.88,0.9475712032871662,0.18050970601019078,0.9090086982255925
22,0.22,0.87,0.9,0.61,0.74,0.85,0.7751,0.3068,0.6577,0.32,0.8,0.88,0.9474670266371984,0.18375839710558203,0.9094135178305253
23,0.22,0.87,0.9,0.61,0.74,0.85,0.7751,0.3068,0.6577,0.32,0.8,0.88,0.9474670266371984,0.18375839710558203,0.9094135178305253
24,0.21,0.88,0.9,0.6,0.74,0.85,0.7722,0.2986,0.6614,0.31,0.8,0.88,0.9473717600713065,0.18108714551636498,0.9093227926226675
25,0.23,0.88,0.91,0.62,0.76,0.86,0.7824,0.3261,0.6758,0.34,0.82,0.88,0.9494519335141902,0.1882449811490659,0.9097655204375156
26,0.23,0.88,0.91,0.61,0.76,0.86,0.7852,0.3173,0.6755,0.33,0.82,0.88,0.9494233252218885,0.19797853526480452,0.9104107885842323
27,0.24,0.87,0.91,0.64,0.76,0.86,0.7893,0.3386,0.6674,0.35,0.81,0.89,0.9493150763961629,0.23628787821425237,0.911600474495182
28,0.24,0.87,0.92,0.64,0.76,0.86,0.7937,0.341,0.6755,0.35,0.82,0.89,0.9509821264862036,0.24083232009180447,0.9110979844255733
29,0.25,0.88,0.91,0.67,0.76,0.86,0.7937,0.3617,0.675,0.37,0.82,0.89,0.9508978677060086,0.23925970471249042,0.9112689347768808
30,0.26,0.88,0.91,0.67,0.77,0.86,0.7922,0.366,0.6784,0.37,0.82,0.89,0.9515919927004639,0.27445711442814535,0.9139376103194542
31,0.26,0.88,0.92,0.67,0.77,0.86,0.7951,0.366,0.6782,0.37,0.82,0.89,0.9520252754378687,0.2673261361135283,0.9139529906881416
32,0.26,0.88,0.92,0.67,0.77,0.86,0.7951,0.366,0.6782,0.37,0.82,0.89,0.9520252754378687,0.2673261361135283,0.9139529906881416
33,0.29,0.88,0.92,0.72,0.78,0.87,0.7972,0.4094,0.7006,0.41,0.83,0.89,0.9519474664154373,0.36572561103754475,0.9155395203114447
34,0.29,0.89,0.91,0.7,0.79,0.87,0.7948,0.4062,0.7047,0.41,0.83,0.89,0.951768636691666,0.308323323963711,0.9171377329278503
35,0.29,0.88,0.91,0.68,0.79,0.87,0.7977,0.4005,0.7023,0.41,0.83,0.89,0.9517907896644353,0.3055940098617392,0.919590850854131
36,0.29,0.88,0.91,0.67,0.79,0.87,0.799,0.3961,0.7014,0.41,0.83,0.89,0.9516192450284158,0.30019296631533415,0.9202143622415584
37,0.32,0.89,0.91,0.73,0.79,0.87,0.8012,0.4382,0.71,0.44,0.84,0.89,0.9519343437155963,0.32675759974692786,0.920387471080474
38,0.31,0.89,0.91,0.72,0.79,0.87,0.8005,0.4319,0.708,0.44,0.84,0.89,0.9515730620241842,0.36065831032076734,0.9220459111535758
39,0.31,0.89,0.91,0.72,0.8,0.87,0.8005,0.4318,0.7106,0.44,0.84,0.89,0.951885402181364,0.33473520223850506,0.9217361547374905
40,0.31,0.88,0.91,0.71,0.8,0.87,0.8005,0.4263,0.7084,0.43,0.84,0.89,0.9518495780251098,0.3206666484197461,0.9211515052484709
41,0.31,0.88,0.91,0.72,0.79,0.87,0.8005,0.4287,0.7064,0.43,0.84,0.89,0.950999022499181,0.3117404111247412,0.9180202989890949
42,0.31,0.88,0.91,0.72,0.79,0.87,0.8005,0.4287,0.7064,0.43,0.84,0.89,0.950999022499181,0.3117404111247412,0.9180202989890949
43,0.31,0.88,0.91,0.7,0.8,0.87,0.7998,0.419,0.7069,0.43,0.84,0.89,0.9509177261100965,0.30302285071412194,0.9179548170810028
44,0.31,0.88,0.91,0.69,0.8,0.87,0.797,0.4158,0.7068,0.42,0.84,0.89,0.9516058693910273,0.29519080864865954,0.9178685055271378
45,0.31,0.89,0.91,0.7,0.8,0.87,0.799,0.4214,0.7126,0.43,0.84,0.89,0.9519644218756627,0.30397656171658266,0.9194071499675469
46,0.31,0.88,0.91,0.69,0.8,0.87,0.7991,0.4158,0.7117,0.42,0.84,0.89,0.9513850736697589,0.30498632252621827,0.9194136797145364
47,0.31,0.88,0.91,0.69,0.8,0.87,0.7954,0.4214,0.7132,0.43,0.84,0.89,0.9513526072731375,0.31253703197316696,0.9196699489663361
48,0.31,0.88,0.91,0.69,0.8,0.87,0.7954,0.4214,0.7132,0.43,0.84,0.89,0.9513526072731375,0.31253703197316696,0.9196699489663361
49,0.31,0.88,0.91,0.69,0.8,0.87,0.7997,0.4198,0.7132,0.43,0.84,0.89,0.9518104972514262,0.3043433459315612,0.9206068731698639
50,0.31,0.88,0.91,0.69,0.8,0.87,0.7997,0.4198,0.7132,0.43,0.84,0.89,0.9518104972514262,0.3043433459315612,0.9206068731698639
51,0.28,0.87,0.91,0.54,0.81,0.87,0.8012,0.3378,0.707,0.37,0.84,0.89,0.9515880674738875,0.2891368258479865,0.9189661466665634
52,0.23,0.85,0.91,0.41,0.81,0.87,0.799,0.2525,0.689,0.29,0.83,0.89,0.9514198777753633,0.27150757496816497,0.9175612499274151
53,0.26,0.86,0.91,0.49,0.81,0.87,0.8026,0.305,0.7005,0.34,0.84,0.89,0.9508380125500946,0.28209513389637,0.9190029480648685
54,0.18,0.85,0.91,0.34,0.8,0.87,0.7939,0.1906,0.677,0.24,0.83,0.89,0.9493576283344247,0.21144321439985914,0.9176705825231216
55,0.18,0.85,0.91,0.34,0.8,0.87,0.7968,0.19,0.682,0.24,0.83,0.89,0.949328793538036,0.21443618104787504,0.9189185389861424
56,0.19,0.85,0.91,0.34,0.81,0.87,0.7947,0.1995,0.6819,0.25,0.83,0.89,0.9497978893074035,0.22466412144987505,0.9197490983106517
57,0.2,0.85,0.91,0.36,0.81,0.87,0.7932,0.2095,0.6841,0.25,0.83,0.89,0.9501939159124885,0.22681154042216004,0.9194701166490423
58,0.17,0.84,0.91,0.3,0.81,0.87,0.7983,0.1673,0.6775,0.22,0.83,0.89,0.9505439094872354,0.22077186821795353,0.9168233620872324
59,0.17,0.84,0.91,0.3,0.81,0.87,0.7983,0.1673,0.6775,0.22,0.83,0.89,0.9505439094872354,0.22077186821795353,0.9168233620872324
60,0.17,0.84,0.91,0.3,0.81,0.87,0.7983,0.1673,0.6775,0.22,0.83,0.89,0.9505439094872354,0.22077186821795353,0.9168233620872324
61,0.17,0.85,0.91,0.3,0.81,0.87,0.7989,0.1667,0.6789,0.22,0.83,0.89,0.950463925770769,0.22478598509055195,0.9174490034020125
62,0.19,0.85,0.91,0.33,0.81,0.87,0.799,0.1956,0.6824,0.24,0.83,0.89,0.9505311275543623,0.22363282680050062,0.9175841163099726
63,0.18,0.85,0.91,0.32,0.81,0.87,0.7982,0.1805,0.6825,0.23,0.83,0.89,0.9538180527572859,0.21796697290520967,0.918191631950508
64,0.2,0.85,0.91,0.34,0.82,0.87,0.7982,0.2016,0.6896,0.25,0.83,0.89,0.9535822151511709,0.23119188874887983,0.9186419924967996
65,0.19,0.85,0.91,0.32,0.81,0.87,0.7996,0.1877,0.6846,0.24,0.83,0.89,0.9537775220328035,0.221098765297998,0.9179248801416959
66,0.19,0.85,0.91,0.34,0.81,0.87,0.7975,0.1972,0.6868,0.24,0.83,0.89,0.9534476546646076,0.22219788767156382,0.9167391465073789
67,0.19,0.85,0.91,0.34,0.81,0.87,0.7975,0.1972,0.6868,0.24,0.83,0.89,0.9534476546646076,0.22219788767156382,0.9167391465073789
68,0.19,0.85,0.91,0.34,0.81,0.87,0.7975,0.1972,0.6868,0.24,0.83,0.89,0.9534476546646076,0.22219788767156382,0.9167391465073789
69,0.15,0.84,0.91,0.26,0.81,0.87,0.7918,0.1353,0.6733,0.19,0.82,0.89,0.9538140604223926,0.20286856548688842,0.916714734165684
70,0.15,0.84,0.91,0.26,0.81,0.87,0.7918,0.1353,0.6733,0.19,0.82,0.89,0.9538140604223926,0.20286856548688842,0.916714734165684
71,0.15,0.84,0.91,0.26,0.81,0.87,0.7983,0.1385,0.6782,0.19,0.83,0.89,0.954454171702874,0.21119653364527247,0.9168606783836265
72,0.16,0.85,0.91,0.27,0.81,0.87,0.7961,0.1517,0.6831,0.2,0.83,0.89,0.954301505036217,0.2153741192941093,0.9172025847115611
73,0.18,0.84,0.91,0.31,0.81,0.87,0.7968,0.1805,0.6746,0.23,0.83,0.89,0.9545058647132805,0.2042857922334147,0.9153247543566587
74,0.2,0.85,0.91,0.34,0.81,0.87,0.7961,0.2038,0.6782,0.25,0.83,0.89,0.9540884577904492,0.213258889588393,0.9161493050711821
75,0.21,0.85,0.91,0.38,0.81,0.87,0.7977,0.2255,0.6783,0.27,0.83,0.89,0.9542427480197208,0.2050243622174289,0.9160158957178322
76,0.28,0.86,0.92,0.55,0.81,0.87,0.8027,0.348,0.6998,0.37,0.84,0.89,0.9546463272376854,0.2497794406297395,0.9202121282112553
77,0.29,0.86,0.92,0.57,0.81,0.87,0.8013,0.3609,0.7019,0.38,0.84,0.89,0.954086225682399,0.2561823960661555,0.9213004273202887
78,0.29,0.86,0.92,0.57,0.81,0.87,0.8013,0.3609,0.7019,0.38,0.84,0.89,0.954086225682399,0.2561823960661555,0.9213004273202887
79,0.29,0.87,0.92,0.59,0.81,0.87,0.8027,0.3681,0.7036,0.39,0.84,0.89,0.9546001699038975,0.27823925474264977,0.9217054807332423
80,0.28,0.86,0.92,0.54,0.81,0.87,0.8013,0.3394,0.6927,0.37,0.83,0.89,0.9543161250762402,0.26657565403666467,0.9201901896448004
81,0.27,0.86,0.91,0.53,0.81,0.87,0.8018,0.3334,0.6942,0.36,0.83,0.89,0.9544874041280038,0.2623671150925144,0.9211698866646407
82,0.27,0.86,0.91,0.53,0.81,0.87,0.8018,0.3334,0.6942,0.36,0.83,0.89,0.9544874041280038,0.2623671150925144,0.9211698866646407
83,0.34,0.87,0.92,0.7,0.81,0.87,0.8006,0.4475,0.7122,0.46,0.84,0.89,0.9542661265334286,0.29721680627283614,0.9225339268622305
84,0.34,0.88,0.91,0.68,0.81,0.87,0.8025,0.4411,0.713,0.45,0.84,0.89,0.9548370403660416,0.3077176987042834,0.9243748214261929
85,0.32,0.87,0.91,0.61,0.82,0.87,0.8018,0.3984,0.7084,0.42,0.84,0.89,0.9548456610469673,0.3055817336385283,0.924825118247499
86,0.3,0.87,0.91,0.58,0.82,0.87,0.7997,0.3743,0.7076,0.4,0.84,0.89,0.9549508418308017,0.29024706676490547,0.9239678723459847
87,0.3,0.87,0.91,0.58,0.81,0.87,0.8033,0.3743,0.7041,0.4,0.84,0.89,0.954937231871319,0.30827509485569626,0.9246864148022386
88,0.32,0.87,0.91,0.61,0.82,0.87,0.8012,0.3959,0.7069,0.42,0.84,0.89,0.9551169253220736,0.3122268297432573,0.9249310639801263
89,0.32,0.87,0.91,0.61,0.82,0.87,0.8012,0.3959,0.7069,0.42,0.84,0.89,0.9551169253220736,0.3122268297432573,0.9249310639801263
90,0.31,0.87,0.91,0.59,0.82,0.87,0.8005,0.3882,0.7111,0.41,0.84,0.89,0.9552264660166971,0.3107967905869316,0.9254639812909261
91,0.35,0.88,0.92,0.67,0.82,0.88,0.8082,0.4419,0.7213,0.46,0.85,0.9,0.9556381682300696,0.3784371188899192,0.9238350691123183
92,0.35,0.88,0.92,0.67,0.82,0.88,0.8082,0.4419,0.7213,0.46,0.85,0.9,0.9556381682300696,0.3784371188899192,0.9238350691123183
93,0.36,0.88,0.91,0.7,0.82,0.88,0.8054,0.4596,0.7207,0.47,0.85,0.9,0.9554979644178233,0.3748623214742734,0.9247814672281063
94,0.34,0.87,0.92,0.64,0.82,0.88,0.8068,0.426,0.7191,0.44,0.85,0.9,0.9556275321631523,0.371641145079289,0.9252835906059769
95,0.35,0.87,0.91,0.65,0.83,0.87,0.804,0.4408,0.7246,0.46,0.85,0.89,0.955355992833858,0.40511165640887464,0.9282611616668099
96,0.35,0.87,0.91,0.65,0.83,0.87,0.804,0.4408,0.7246,0.46,0.85,0.89,0.955355992833858,0.40511165640887464,0.9282611616668099
97,0.34,0.87,0.91,0.66,0.82,0.87,0.8025,0.4363,0.7162,0.45,0.85,0.89,0.9553088065116787,0.3840936047477745,0.9280067039403244
98,0.35,0.87,0.91,0.65,0.83,0.88,0.804,0.4398,0.7196,0.46,0.85,0.89,0.9569602189435948,0.39457190138537646,0.9284296348309303
99,0.35,0.87,0.91,0.65,0.83,0.88,0.804,0.4398,0.7196,0.46,0.85,0.89,0.9569602189435948,0.39457190138537646,0.9284296348309303
100,0.36,0.88,0.91,0.7,0.82,0.88,0.8046,0.4615,0.7214,0.47,0.85,0.89,0.9571175390933432,0.4370499187116698,0.9295321312271801
101,0.37,0.88,0.91,0.72,0.82,0.88,0.8053,0.482,0.7307,0.49,0.85,0.9,0.9571117895691916,0.44083236707008233,0.9294464052608824
102,0.35,0.89,0.91,0.69,0.82,0.88,0.8046,0.4564,0.7329,0.47,0.85,0.89,0.9572026583929654,0.4253202423200195,0.9299512037410247
103,0.37,0.88,0.91,0.7,0.83,0.88,0.8061,0.4715,0.732,0.48,0.85,0.9,0.957174865412536,0.4388448772622939,0.9288950959064849
104,0.37,0.88,0.91,0.7,0.83,0.88,0.8053,0.4755,0.7326,0.49,0.85,0.9,0.957090434809668,0.4494493046811653,0.9293042274033211
105,0.39,0.89,0.91,0.71,0.83,0.88,0.8046,0.4891,0.7403,0.5,0.86,0.89,0.957601967530754,0.5078136755737656,0.9300337897075855
106,0.38,0.89,0.91,0.72,0.83,0.88,0.806,0.4901,0.7398,0.5,0.86,0.9,0.9571075565394459,0.4887671149078593,0.9295147086192082
107,0.38,0.88,0.91,0.72,0.83,0.88,0.8047,0.4829,0.734,0.49,0.86,0.89,0.9573494519411452,0.5103173163949405,0.9295243240375689
108,0.38,0.89,0.91,0.71,0.83,0.88,0.8054,0.4818,0.739,0.49,0.86,0.9,0.9573651209923959,0.4811726485148318,0.9291894041940659
109,0.38,0.89,0.92,0.72,0.83,0.88,0.8075,0.4901,0.7383,0.5,0.86,0.9,0.9573812873315897,0.503746299009225,0.9295812353895533
110,0.39,0.89,0.91,0.7,0.84,0.88,0.8031,0.4828,0.7432,0.5,0.86,0.89,0.9573022441979694,0.5021629986002082,0.9293805828832129
111,0.39,0.89,0.91,0.7,0.84,0.88,0.806,0.4881,0.7431,0.5,0.86,0.9,0.9571516802434685,0.5311090642608132,0.9304674857081655
112,0.38,0.89,0.91,0.71,0.83,0.88,0.8017,0.4869,0.7418,0.5,0.86,0.89,0.9573855313048845,0.5474284912161939,0.9304237050687162
113,0.4,0.89,0.91,0.7,0.84,0.88,0.8031,0.4904,0.7452,0.5,0.86,0.89,0.9571633695616492,0.5538865019411988,0.9302046553420923
114,0.41,0.89,0.91,0.7,0.84,0.88,0.8031,0.5014,0.7501,0.52,0.86,0.89,0.9575367273033879,0.567592655764394,0.9307191948171174
115,0.41,0.89,0.91,0.7,0.84,0.88,0.8031,0.5014,0.7501,0.52,0.86,0.89,0.9575367273033879,0.567592655764394,0.9307191948171174
116,0.4,0.88,0.91,0.69,0.84,0.88,0.8046,0.4917,0.7451,0.51,0.86,0.9,0.9575325189590445,0.5437161786065896,0.9300657097914033
117,0.41,0.88,0.91,0.69,0.85,0.88,0.8024,0.501,0.75,0.52,0.87,0.89,0.9571683464326518,0.5470225931936256,0.9292817827209839
118,0.42,0.89,0.91,0.7,0.85,0.88,0.8017,0.512,0.7535,0.53,0.87,0.89,0.9572999650677697,0.5856072697858149,0.9302280107846252
119,0.42,0.89,0.91,0.7,0.85,0.88,0.8024,0.5101,0.7535,0.53,0.87,0.89,0.9571926274497558,0.5708305793256176,0.9299848698022869
120,0.41,0.89,0.91,0.7,0.85,0.88,0.8017,0.5029,0.75,0.52,0.87,0.89,0.9574881360060857,0.5443245769522687,0.9298691242949549
121,0.42,0.88,0.91,0.69,0.85,0.88,0.7995,0.5046,0.7492,0.52,0.87,0.89,0.9572886524968602,0.5715999409009548,0.9304623197480603
122,0.41,0.88,0.91,0.7,0.85,0.88,0.801,0.5041,0.7457,0.52,0.86,0.89,0.9572368784777533,0.560485167127977,0.9306310848756062
123,0.41,0.88,0.91,0.7,0.85,0.88,0.801,0.5041,0.7457,0.52,0.86,0.89,0.9572368784777533,0.560485167127977,0.9306310848756062
124,0.43,0.88,0.91,0.69,0.85,0.88,0.8024,0.5132,0.7513,0.53,0.87,0.89,0.957221894923555,0.5757645925692808,0.9312706152222142
125,0.45,0.88,0.91,0.7,0.86,0.88,0.8017,0.5308,0.7569,0.55,0.87,0.89,0.9570559566118025,0.5987275278366521,0.9303282120128119
126,0.45,0.88,0.91,0.68,0.86,0.88,0.7981,0.523,0.7512,0.54,0.87,0.89,0.9570211925486908,0.6001687290593227,0.931210437567008
127,0.43,0.88,0.91,0.7,0.85,0.88,0.8024,0.5175,0.7492,0.53,0.87,0.89,0.9570007123159805,0.5704529746248047,0.9302093091085664
128,0.43,0.88,0.91,0.68,0.85,0.88,0.8045,0.5076,0.7449,0.53,0.86,0.9,0.9568644673492624,0.5386467420939688,0.9296496916811512
129,0.42,0.88,0.91,0.68,0.84,0.88,0.8002,0.4971,0.7407,0.52,0.86,0.89,0.9571928622981685,0.5452313448358667,0.9305828900516973
130,0.42,0.88,0.91,0.68,0.85,0.88,0.8038,0.502,0.7442,0.52,0.86,0.89,0.9569595289584742,0.5516574306369609,0.9305846249667512
131,0.42,0.88,0.91,0.66,0.85,0.88,0.8073,0.492,0.7499,0.51,0.87,0.9,0.9572014621289177,0.5332314527572228,0.9303254250135986
132,0.41,0.87,0.91,0.64,0.85,0.88,0.8031,0.4825,0.7399,0.5,0.86,0.89,0.9569011534216542,0.5269545938560595,0.9293775078577133
133,0.41,0.88,0.91,0.65,0.85,0.88,0.808,0.4808,0.7463,0.5,0.86,0.9,0.9567785357247953,0.5230879862544817,0.9301312802176489
134,0.42,0.88,0.91,0.66,0.85,0.88,0.803,0.4913,0.7499,0.51,0.87,0.89,0.9568106168215749,0.5253760085756854,0.9299442690927489
135,0.41,0.88,0.91,0.65,0.85,0.88,0.8052,0.4833,0.7435,0.5,0.86,0.9,0.9570758418696725,0.5237438078177495,0.9304497046723373
136,0.41,0.88,0.91,0.65,0.85,0.88,0.8052,0.4833,0.7435,0.5,0.86,0.9,0.9570758418696725,0.5237438078177495,0.9304497046723373
137,0.41,0.88,0.91,0.66,0.84,0.88,0.8016,0.4877,0.7407,0.51,0.86,0.89,0.9568683236698623,0.5248309161210927,0.9296368817679717
138,0.42,0.88,0.91,0.64,0.85,0.88,0.803,0.4862,0.7449,0.51,0.86,0.89,0.9570043190167272,0.5289654314809068,0.9295475986373831
139,0.42,0.88,0.91,0.64,0.85,0.88,0.803,0.4862,0.7449,0.51,0.86,0.89,0.9570043190167272,0.5289654314809068,0.9295475986373831
140,0.39,0.88,0.91,0.62,0.84,0.88,0.8009,0.455,0.7357,0.48,0.86,0.89,0.956147789415544,0.454573635799352,0.9283612263685359
141,0.39,0.88,0.91,0.63,0.84,0.88,0.8017,0.4617,0.7371,0.48,0.86,0.89,0.9562438066951109,0.45357975043539,0.9291363264035537
142,0.39,0.87,0.91,0.62,0.84,0.88,0.8017,0.4573,0.7364,0.48,0.86,0.89,0.9561343375887775,0.4595993633617898,0.9283583968243981
143,0.42,0.88,0.91,0.65,0.85,0.88,0.8024,0.4869,0.7456,0.51,0.86,0.89,0.9567791491443276,0.4838701065627124,0.929282983053408
144,0.42,0.88,0.91,0.66,0.85,0.88,0.8046,0.4951,0.7491,0.52,0.87,0.9,0.9564797395667931,0.4942231500270484,0.9292290360772606
145,0.42,0.88,0.91,0.66,0.85,0.88,0.8046,0.4951,0.7491,0.52,0.87,0.9,0.9564797395667931,0.4942231500270484,0.9292290360772606
146,0.42,0.88,0.91,0.65,0.85,0.88,0.8073,0.4906,0.7456,0.51,0.86,0.9,0.9561091478068975,0.4921255579127595,0.9299432232667671
147,0.42,0.88,0.91,0.63,0.85,0.88,0.8052,0.4798,0.7455,0.5,0.86,0.9,0.9563300085471033,0.47161531455639827,0.9299646802430306
148,0.41,0.88,0.91,0.62,0.85,0.88,0.8052,0.4683,0.7441,0.49,0.86,0.9,0.9562247122722134,0.45957065160823524,0.9285557467624084
149,0.41,0.88,0.91,0.62,0.85,0.88,0.8073,0.4728,0.7456,0.5,0.86,0.9,0.955855639816537,0.47253637685240363,0.9285305241637005
150,0.41,0.87,0.91,0.62,0.85,0.88,0.8016,0.4683,0.7392,0.49,0.86,0.89,0.955728734220056,0.45022264072096163,0.9287812165545475
151,0.43,0.87,0.91,0.63,0.86,0.88,0.8031,0.4862,0.7455,0.51,0.86,0.89,0.9556881000900433,0.476969673498745,0.927855991420238
152,0.43,0.87,0.91,0.62,0.86,0.88,0.8059,0.4811,0.7462,0.51,0.87,0.9,0.9559727245772401,0.4658934015077303,0.92868775325058
153,0.43,0.88,0.91,0.63,0.86,0.88,0.8074,0.4888,0.7512,0.51,0.87,0.9,0.9559463077357513,0.4822750241026003,0.9286133834948602
154,0.43,0.87,0.91,0.63,0.86,0.88,0.8081,0.4888,0.7477,0.51,0.87,0.9,0.9561160325838889,0.47444100903919123,0.9282881025398994
155,0.43,0.87,0.91,0.64,0.85,0.88,0.8045,0.4907,0.7434,0.51,0.86,0.9,0.9559912220351872,0.4671567005438422,0.9287617706624448
156,0.41,0.87,0.91,0.62,0.86,0.88,0.8017,0.4721,0.747,0.5,0.87,0.89,0.9561369691742373,0.4633716735158496,0.929068666409195
157,0.43,0.87,0.91,0.64,0.85,0.88,0.8038,0.4913,0.7427,0.51,0.86,0.89,0.9561002868976639,0.4793112552716398,0.9283588951531525
158,0.44,0.87,0.91,0.64,0.86,0.88,0.8045,0.4973,0.7455,0.52,0.86,0.9,0.9559173787992261,0.4820617212202779,0.9288944858438921
159,0.43,0.87,0.91,0.63,0.85,0.88,0.8059,0.4888,0.7441,0.51,0.86,0.9,0.9562394539202284,0.44718795611827106,0.9284955285443408
160,0.43,0.87,0.91,0.63,0.85,0.88,0.8023,0.4875,0.7413,0.51,0.86,0.89,0.9558424567714959,0.45550752519428284,0.9277898316924319
161,0.42,0.87,0.91,0.62,0.85,0.88,0.8023,0.4804,0.742,0.5,0.86,0.89,0.9556318548018221,0.46811473508017193,0.9284990474120076
162,0.44,0.88,0.91,0.65,0.85,0.88,0.8052,0.5023,0.7455,0.52,0.86,0.9,0.955934166840697,0.4840189479497177,0.9281287290569974
163,0.44,0.87,0.91,0.66,0.85,0.88,0.8039,0.5098,0.7434,0.53,0.86,0.89,0.9561697446831237,0.5276893674968967,0.9298226594265401
164,0.44,0.87,0.91,0.66,0.85,0.88,0.8009,0.5054,0.7384,0.53,0.86,0.89,0.9557041589342121,0.5032820837940106,0.9293945542266119
165,0.44,0.88,0.91,0.66,0.85,0.88,0.8009,0.508,0.7455,0.53,0.86,0.89,0.9560136745877277,0.500856336393772,0.9296541223332804
166,0.43,0.87,0.91,0.64,0.85,0.88,0.8038,0.4907,0.7399,0.51,0.86,0.89,0.9561995649331843,0.4789369076609648,0.929714483623782
167,0.43,0.87,0.91,0.63,0.86,0.88,0.8052,0.4862,0.7462,0.51,0.86,0.9,0.9562209410202808,0.5033512344522404,0.9296537736829102
168,0.45,0.87,0.91,0.64,0.86,0.88,0.8024,0.5086,0.7434,0.53,0.86,0.89,0.9563266732172546,0.48925648082217993,0.9289903711892606
169,0.44,0.87,0.91,0.64,0.86,0.88,0.8038,0.4986,0.7455,0.52,0.86,0.89,0.9564878096640023,0.5021762037445554,0.9301544699847546
170,0.45,0.87,0.91,0.65,0.86,0.88,0.8038,0.509,0.7462,0.53,0.86,0.9,0.9562202718301204,0.5024089904619774,0.9296448384629064
171,0.43,0.87,0.91,0.64,0.85,0.88,0.8023,0.4933,0.7399,0.52,0.86,0.89,0.9560235299026739,0.47735672941559143,0.9297609622771643
172,0.44,0.88,0.91,0.66,0.86,0.88,0.8074,0.5085,0.7533,0.53,0.87,0.9,0.9562105104354421,0.47791149043563586,0.9304141560039646
173,0.43,0.88,0.91,0.66,0.85,0.88,0.8017,0.502,0.7441,0.52,0.86,0.89,0.9561757530396497,0.48351737208921197,0.9296093991813809
174,0.43,0.88,0.91,0.66,0.85,0.88,0.8009,0.4989,0.7449,0.52,0.86,0.89,0.9560789057640089,0.4835885672740072,0.9295994899646062
175,0.43,0.88,0.91,0.67,0.85,0.88,0.8025,0.5039,0.7455,0.52,0.86,0.89,0.956068585804396,0.48120461495513056,0.9301054553231942
176,0.43,0.88,0.91,0.68,0.86,0.88,0.8053,0.5108,0.7519,0.53,0.87,0.9,0.9563288592580343,0.48703437131967153,0.9294140404686628
177,0.43,0.88,0.91,0.67,0.85,0.88,0.801,0.5077,0.7434,0.53,0.86,0.89,0.9564011289503054,0.4974827501490712,0.9296758745623767
178,0.43,0.88,0.91,0.67,0.85,0.88,0.801,0.5077,0.7434,0.53,0.86,0.89,0.9564011289503054,0.4974827501490712,0.9296758745623767
179,0.44,0.87,0.91,0.67,0.85,0.88,0.8017,0.5103,0.7427,0.53,0.86,0.89,0.9563671682113237,0.4996984543302634,0.929741511937817
180,0.43,0.88,0.91,0.68,0.85,0.88,0.7996,0.507,0.7427,0.53,0.86,0.89,0.9563888994080586,0.5068093045044024,0.9302550712318194
181,0.43,0.87,0.91,0.66,0.85,0.88,0.801,0.502,0.7406,0.52,0.86,0.89,0.9564455624745196,0.4870855585295356,0.9304279296623073
182,0.44,0.87,0.91,0.68,0.85,0.88,0.801,0.516,0.742,0.54,0.86,0.89,0.956297636220175,0.5030550191879761,0.9300764056713269
183,0.44,0.88,0.91,0.68,0.85,0.88,0.8038,0.519,0.7477,0.54,0.87,0.89,0.9562449780523699,0.5003244232395011,0.9294430368284949
184,0.44,0.88,0.91,0.68,0.85,0.88,0.8017,0.5121,0.7477,0.53,0.87,0.89,0.9560741715544138,0.49573366411382347,0.9292070119128122
185,0.45,0.88,0.91,0.7,0.85,0.88,0.8031,0.5304,0.7484,0.55,0.87,0.89,0.9564315539852706,0.5114216179084301,0.9293554401091124
186,0.43,0.87,0.91,0.66,0.85,0.88,0.801,0.5046,0.7392,0.52,0.86,0.89,0.9563454490704058,0.49526908358342125,0.9292527892783453
187,0.44,0.87,0.91,0.66,0.85,0.88,0.8017,0.5085,0.742,0.53,0.86,0.89,0.9563698479031584,0.48584925807874285,0.929625766461937
188,0.43,0.87,0.91,0.66,0.85,0.88,0.8032,0.5033,0.7434,0.52,0.86,0.89,0.9561160949113885,0.5007295709766608,0.9289913269424015
189,0.45,0.88,0.91,0.67,0.86,0.88,0.8031,0.5156,0.747,0.54,0.87,0.89,0.9562358437249492,0.47939326891479206,0.9290694925700922
190,0.43,0.87,0.91,0.64,0.85,0.88,0.8046,0.4926,0.7427,0.51,0.86,0.89,0.956159619452349,0.4809201677835676,0.9291513634650806
191,0.43,0.88,0.91,0.65,0.85,0.88,0.8052,0.4996,0.7455,0.52,0.86,0.9,0.9567709411852506,0.4902820258840125,0.929492612118031
192,0.43,0.87,0.91,0.64,0.86,0.88,0.8024,0.4894,0.7462,0.51,0.87,0.89,0.956273451987807,0.4766523147575158,0.9282790737262389
193,0.43,0.87,0.91,0.63,0.86,0.88,0.8045,0.4888,0.7455,0.51,0.86,0.9,0.9564138340045482,0.4805955739921411,0.928621891859301
194,0.42,0.87,0.91,0.61,0.85,0.88,0.8031,0.4726,0.7406,0.5,0.86,0.89,0.956544409619722,0.49354472616285183,0.9291285421991894
195,0.43,0.87,0.91,0.64,0.86,0.88,0.8025,0.4881,0.7455,0.51,0.86,0.89,0.9563291203838488,0.4946951231179792,0.9287970810603114
196,0.43,0.87,0.91,0.64,0.86,0.88,0.806,0.4939,0.7448,0.52,0.86,0.9,0.9562075899299592,0.5051034788845102,0.9293049422383668
197,0.43,0.87,0.91,0.66,0.86,0.88,0.8067,0.5002,0.747,0.52,0.87,0.9,0.9565032689540793,0.4893297855463862,0.9292063378069205
198,0.43,0.87,0.91,0.65,0.85,0.88,0.8025,0.4944,0.7427,0.52,0.86,0.89,0.9563042182985764,0.5044105029279351,0.9291473335870799
199,0.44,0.87,0.91,0.66,0.86,0.88,0.8081,0.5094,0.7491,0.53,0.87,0.9,0.956855646774788,0.5161403109073613,0.9297521248487413
200,0.44,0.88,0.91,0.67,0.86,0.88,0.8053,0.509,0.7484,0.53,0.87,0.9,0.956152702333868,0.5115575716718065,0.9295125723711676
201,0.43,0.87,0.91,0.65,0.86,0.88,0.8032,0.4983,0.7455,0.52,0.86,0.89,0.956899345474502,0.5210289884435567,0.9297929618007029
202,0.45,0.87,0.91,0.64,0.86,0.88,0.8052,0.5059,0.7505,0.53,0.87,0.9,0.9565440575034867,0.5155269369594239,0.9297715723142178
203,0.44,0.87,0.91,0.66,0.86,0.87,0.8011,0.5125,0.7491,0.53,0.87,0.89,0.9564725381778938,0.506962627807176,0.9293285502574486
204,0.44,0.88,0.91,0.67,0.86,0.88,0.8046,0.5116,0.7505,0.53,0.87,0.89,0.9563845733228578,0.5265668725010075,0.9290948478016796
205,0.44,0.88,0.91,0.68,0.86,0.88,0.8061,0.5164,0.7498,0.53,0.87,0.9,0.9566604312881283,0.5433005701895025,0.9292022754397229
206,0.43,0.88,0.91,0.68,0.86,0.88,0.8054,0.5082,0.7491,0.53,0.87,0.9,0.9561800565696875,0.5509749610760635,0.9298769239489783
207,0.44,0.88,0.91,0.69,0.85,0.88,0.8032,0.5195,0.7484,0.54,0.87,0.89,0.9565242216976615,0.5458283019604966,0.9291465928306403
208,0.45,0.88,0.91,0.69,0.86,0.88,0.8025,0.5261,0.7484,0.54,0.87,0.89,0.9565545273306924,0.5444468257973173,0.9293884539991003
209,0.43,0.88,0.91,0.7,0.85,0.88,0.8031,0.5187,0.7435,0.54,0.86,0.89,0.9559442557444867,0.521169540742499,0.9301982141785192
210,0.45,0.88,0.91,0.68,0.86,0.88,0.8046,0.523,0.7519,0.54,0.87,0.89,0.9557370315644816,0.5255669047134832,0.929361458622326
211,0.44,0.88,0.91,0.68,0.86,0.88,0.8053,0.5134,0.7505,0.53,0.87,0.9,0.9562370588521399,0.50006510814625,0.9303427607990177
212,0.44,0.88,0.91,0.68,0.86,0.88,0.8039,0.5152,0.7484,0.53,0.87,0.89,0.9564983743284634,0.528731783249901,0.9300714991383363
213,0.44,0.88,0.91,0.68,0.86,0.88,0.8032,0.5121,0.7477,0.53,0.87,0.89,0.956597539000213,0.5255024563571778,0.9304516518784735
214,0.44,0.88,0.91,0.69,0.86,0.88,0.801,0.5234,0.7484,0.54,0.87,0.89,0.9565686618598428,0.5217591793406371,0.9297040022630261
215,0.43,0.88,0.91,0.68,0.85,0.88,0.8046,0.5045,0.7477,0.52,0.87,0.89,0.9561746059725283,0.5403716884251397,0.9306479321063954
216,0.44,0.87,0.91,0.67,0.86,0.88,0.8025,0.5103,0.7462,0.53,0.87,0.89,0.9564805628947932,0.540563816350018,0.9301485760035969
217,0.41,0.88,0.91,0.67,0.85,0.88,0.8018,0.494,0.7449,0.51,0.86,0.89,0.956370696237161,0.5064711307185694,0.9298475543700127
218,0.43,0.88,0.91,0.67,0.85,0.88,0.8039,0.5064,0.747,0.53,0.87,0.89,0.9561994167348045,0.5026282689089111,0.9294717784644494
219,0.43,0.88,0.91,0.67,0.86,0.88,0.8032,0.5051,0.7512,0.52,0.87,0.89,0.9564380999996699,0.4985899108422818,0.9298759934201807
220,0.43,0.88,0.91,0.66,0.86,0.88,0.8018,0.4989,0.7484,0.52,0.87,0.89,0.9565877137940194,0.4886628454006503,0.9292289172556147
221,0.44,0.87,0.91,0.66,0.86,0.88,0.8046,0.5094,0.7512,0.53,0.87,0.89,0.9563053905841712,0.5039487184370736,0.9295461880472098
222,0.44,0.87,0.91,0.66,0.86,0.88,0.8047,0.5067,0.7498,0.53,0.87,0.89,0.9563281695170861,0.49645281722426043,0.9293143696689448
223,0.43,0.87,0.91,0.64,0.86,0.88,0.8045,0.4907,0.7448,0.51,0.86,0.9,0.9560103814623083,0.4887010249520636,0.928752892967244
224,0.43,0.88,0.91,0.64,0.86,0.88,0.8031,0.4933,0.7491,0.52,0.87,0.89,0.9563147757178891,0.5023385610309851,0.9294155354981709
225,0.44,0.88,0.91,0.67,0.86,0.88,0.8025,0.509,0.747,0.53,0.87,0.89,0.9561498146462099,0.5030893915601772,0.9293787238010914
226,0.44,0.87,0.91,0.64,0.86,0.88,0.806,0.5004,0.747,0.52,0.87,0.9,0.956453613470007,0.4902943739756283,0.929421913796021
227,0.41,0.87,0.91,0.62,0.86,0.88,0.806,0.4741,0.7462,0.5,0.87,0.9,0.9559676606095842,0.47507952588336877,0.9283503897829556
228,0.43,0.88,0.91,0.66,0.85,0.88,0.8045,0.4989,0.747,0.52,0.87,0.9,0.956449483584615,0.49948919560518334,0.928903730923506
229,0.44,0.88,0.91,0.67,0.86,0.88,0.8032,0.5103,0.7512,0.53,0.87,0.89,0.9562597975645707,0.5220548098179613,0.9292180054235449
230,0.43,0.88,0.91,0.65,0.86,0.88,0.8053,0.4996,0.7498,0.52,0.87,0.9,0.9566980920160542,0.5049805583804056,0.9295964985210811
231,0.43,0.87,0.91,0.65,0.86,0.88,0.806,0.4957,0.747,0.52,0.87,0.9,0.9564185335919978,0.49711337683528156,0.9292789643802676
232,0.45,0.88,0.91,0.66,0.86,0.88,0.8067,0.5107,0.754,0.53,0.87,0.9,0.956751544340723,0.5245494754025776,0.9294711416172516
233,0.44,0.87,0.91,0.66,0.86,0.88,0.8032,0.5085,0.7491,0.53,0.87,0.89,0.9562993671215013,0.5199339133112615,0.9285746937900392
234,0.44,0.88,0.91,0.66,0.86,0.88,0.8053,0.5085,0.7498,0.53,0.87,0.9,0.9566132471086617,0.5326586049253609,0.9297239836079526
235,0.45,0.87,0.91,0.66,0.86,0.88,0.8046,0.5134,0.7491,0.53,0.87,0.89,0.9566368289058834,0.5166127869392216,0.9291989132563345
236,0.45,0.88,0.92,0.67,0.86,0.88,0.8068,0.5182,0.7548,0.54,0.87,0.9,0.956660868917246,0.5275197199095492,0.9285287049296832
237,0.44,0.88,0.91,0.66,0.86,0.88,0.8067,0.5085,0.7512,0.53,0.87,0.9,0.9565601275158557,0.5134830264899573,0.9290549900639482
238,0.47,0.87,0.91,0.66,0.87,0.88,0.8053,0.5247,0.7569,0.55,0.87,0.9,0.9565449856026177,0.5255248654356968,0.9298474760249915
239,0.47,0.88,0.91,0.66,0.87,0.88,0.8046,0.5247,0.7562,0.55,0.87,0.89,0.9567489665309794,0.5319383159089703,0.9293227331711804
240,0.49,0.87,0.91,0.66,0.88,0.88,0.8054,0.5381,0.7634,0.56,0.88,0.9,0.9575771126296292,0.5301717574382778,0.9299479032256761
241,0.44,0.87,0.91,0.65,0.86,0.87,0.8018,0.5036,0.7526,0.53,0.87,0.89,0.9569183834351942,0.5075334684954352,0.928737106575877
242,0.46,0.88,0.92,0.66,0.87,0.88,0.8068,0.519,0.7569,0.54,0.87,0.9,0.9571311605233168,0.5164937828299502,0.9281547183852915
243,0.44,0.87,0.91,0.67,0.86,0.88,0.8032,0.5129,0.7498,0.53,0.87,0.89,0.9568677990196642,0.5298985707301226,0.9280902729893978
244,0.43,0.88,0.91,0.68,0.86,0.88,0.804,0.5082,0.7491,0.53,0.87,0.89,0.9569990331458511,0.5362831227178141,0.9282540902364769
245,0.45,0.87,0.92,0.66,0.87,0.88,0.8061,0.5107,0.7548,0.53,0.87,0.9,0.9568190573171015,0.5183499595598212,0.928269832785169
246,0.45,0.87,0.91,0.68,0.86,0.88,0.8018,0.524,0.7512,0.54,0.87,0.89,0.956878771912293,0.5345142657868058,0.9285112028669252
247,0.45,0.87,0.91,0.66,0.86,0.88,0.8025,0.5193,0.7512,0.54,0.87,0.89,0.9571982536993044,0.5190797656056211,0.927360937531834
248,0.46,0.88,0.91,0.68,0.86,0.88,0.8054,0.5326,0.7562,0.55,0.87,0.9,0.9568194151091807,0.5360423161175566,0.9281967561576512
249,0.46,0.88,0.91,0.68,0.86,0.88,0.8054,0.5326,0.7562,0.55,0.87,0.9,0.9568194151091807,0.5360423161175566,0.9281967561576512
250,0.45,0.88,0.92,0.68,0.86,0.88,0.8068,0.5271,0.7576,0.55,0.87,0.9,0.9567386113114461,0.5313679095216528,0.9280649262749848
251,0.44,0.87,0.91,0.67,0.86,0.87,0.8012,0.509,0.7498,0.53,0.87,0.89,0.9566696032165367,0.5216477474060963,0.9269295782502784
252,0.45,0.88,0.91,0.68,0.86,0.88,0.8025,0.5213,0.7505,0.54,0.87,0.89,0.9566352133018918,0.5350788330035918,0.9276221834618619
253,0.43,0.87,0.91,0.64,0.86,0.88,0.8018,0.4926,0.7455,0.51,0.86,0.89,0.9565540143133557,0.5114164610251419,0.9270598316832024
254,0.46,0.88,0.91,0.68,0.87,0.87,0.8011,0.5339,0.7555,0.55,0.87,0.89,0.9568562792491705,0.5417592589287337,0.9274346771782542
255,0.45,0.88,0.91,0.67,0.86,0.88,0.8047,0.5196,0.7548,0.54,0.87,0.89,0.9567492763651085,0.5267272667026409,0.9272061961541745
256,0.45,0.88,0.92,0.68,0.86,0.88,0.8089,0.5217,0.754,0.54,0.87,0.9,0.9567574721797725,0.5095808876213126,0.9275676419085246
257,0.46,0.88,0.91,0.69,0.86,0.88,0.806,0.5342,0.7519,0.55,0.87,0.9,0.9569228806540655,0.5176634992067808,0.9274839783986456
258,0.45,0.87,0.91,0.66,0.86,0.88,0.8032,0.5138,0.7491,0.53,0.87,0.89,0.9568483910062653,0.5246391111208357,0.926840903746255
259,0.45,0.88,0.91,0.68,0.86,0.88,0.8046,0.5227,0.7533,0.54,0.87,0.89,0.956624831912244,0.5206616663829945,0.9273663603464077
260,0.46,0.88,0.91,0.68,0.86,0.88,0.8032,0.5284,0.7519,0.55,0.87,0.89,0.9567482111046581,0.5230922810871415,0.9274973823758805
261,0.45,0.88,0.91,0.68,0.86,0.88,0.806,0.5257,0.7505,0.54,0.87,0.9,0.9568611440543036,0.5315228115014663,0.9277014525757522
262,0.46,0.88,0.91,0.68,0.86,0.88,0.8067,0.5284,0.754,0.55,0.87,0.9,0.9569802885295424,0.5284767200454955,0.9270667812661542
263,0.45,0.88,0.91,0.7,0.86,0.88,0.8046,0.5291,0.7519,0.55,0.87,0.89,0.956911117769156,0.5333981395631684,0.92782060617977
264,0.46,0.87,0.92,0.67,0.86,0.88,0.8068,0.5223,0.7512,0.54,0.87,0.9,0.9568584841692365,0.5179111402443447,0.9268732329570275
265,0.48,0.87,0.91,0.68,0.86,0.88,0.8046,0.5395,0.7533,0.56,0.87,0.9,0.9567486112840399,0.5356449482061335,0.9282131036346317
266,0.45,0.88,0.91,0.68,0.86,0.88,0.8053,0.5271,0.7505,0.55,0.87,0.9,0.9570820507831779,0.5316452988599359,0.9270655550003496
267,0.46,0.88,0.91,0.68,0.86,0.88,0.8061,0.5326,0.7526,0.55,0.87,0.9,0.956927313449062,0.5305995609061956,0.9275401628224472
268,0.45,0.88,0.92,0.69,0.86,0.88,0.8075,0.5261,0.7548,0.54,0.87,0.9,0.9574111314828903,0.5421756399131776,0.9276172539543512
269,0.44,0.88,0.91,0.69,0.86,0.88,0.8054,0.5234,0.7512,0.54,0.87,0.9,0.9571255639761171,0.5269687488102134,0.9271078999914111
270,0.45,0.88,0.92,0.69,0.86,0.88,0.8068,0.5274,0.7519,0.55,0.87,0.9,0.9571399957625941,0.5188811597029424,0.9273144281754488
271,0.48,0.87,0.92,0.69,0.87,0.88,0.8068,0.544,0.7534,0.56,0.87,0.9,0.9572979673643529,0.5397454859424566,0.9279939494761217
272,0.45,0.88,0.92,0.68,0.86,0.88,0.8104,0.5271,0.7555,0.55,0.87,0.9,0.9570273650569967,0.5264847190987849,0.9281872694067371
273,0.47,0.88,0.92,0.68,0.87,0.88,0.8082,0.5366,0.7569,0.56,0.87,0.9,0.9573358759030572,0.5198487059760087,0.9278085809293786
274,0.48,0.88,0.91,0.7,0.87,0.88,0.8054,0.5484,0.7583,0.57,0.87,0.9,0.9571372161102809,0.5289986395121545,0.927934949951214
275,0.46,0.88,0.91,0.68,0.86,0.88,0.8046,0.5268,0.7526,0.55,0.87,0.89,0.9572433778249767,0.5175822922709674,0.9286319530625011
276,0.48,0.88,0.91,0.7,0.86,0.88,0.8053,0.5499,0.7562,0.57,0.87,0.9,0.9565529267724105,0.5453240070477765,0.9276704644877394
277,0.46,0.88,0.91,0.7,0.86,0.88,0.8053,0.5372,0.754,0.55,0.87,0.9,0.9566420988985149,0.5398828462546467,0.9275046364147487
278,0.48,0.88,0.91,0.7,0.86,0.88,0.8053,0.547,0.7548,0.57,0.87,0.9,0.956977710984075,0.5639750079773433,0.9289802000117467
279,0.47,0.88,0.91,0.7,0.86,0.88,0.8088,0.5471,0.7583,0.56,0.87,0.9,0.9569932849780745,0.5499556568762471,0.9279502592832268
280,0.47,0.87,0.91,0.7,0.86,0.88,0.8054,0.5456,0.7512,0.56,0.87,0.9,0.9569099140650179,0.5468759630902085,0.9282189502924933
281,0.48,0.88,0.91,0.68,0.87,0.88,0.8053,0.5469,0.7562,0.57,0.87,0.9,0.9565623779845694,0.5456574299279794,0.9278218897962708
282,0.48,0.88,0.91,0.7,0.86,0.88,0.8067,0.5514,0.7569,0.57,0.87,0.9,0.9570961875039716,0.5410514374273644,0.9286109398988478
283,0.48,0.87,0.91,0.69,0.87,0.88,0.8046,0.5499,0.7555,0.57,0.87,0.89,0.9566622130589169,0.5511699629159669,0.9285213514150343
284,0.48,0.88,0.92,0.72,0.86,0.88,0.8075,0.563,0.7576,0.58,0.87,0.9,0.9568087298811001,0.5527150746217151,0.9279757185563752
285,0.45,0.88,0.91,0.7,0.86,0.88,0.8081,0.5331,0.7533,0.55,0.87,0.9,0.9567962090384972,0.5240882383737099,0.9276854622740709
286,0.49,0.88,0.91,0.7,0.87,0.88,0.8081,0.5587,0.759,0.58,0.87,0.9,0.9568655593676779,0.5549090195640787,0.9279645213309113
287,0.47,0.88,0.92,0.7,0.86,0.88,0.8082,0.5443,0.7548,0.56,0.87,0.9,0.9567296291422402,0.553321701091147,0.9278612285169838
288,0.47,0.88,0.91,0.68,0.86,0.88,0.8067,0.5382,0.7562,0.56,0.87,0.9,0.9565446377785919,0.5515364762800279,0.9282769467267029
289,0.49,0.88,0.91,0.7,0.87,0.88,0.8074,0.5573,0.7619,0.58,0.87,0.9,0.9568499591514161,0.5572907315963689,0.9280951989822749
290,0.47,0.88,0.91,0.69,0.86,0.88,0.8067,0.5426,0.7583,0.56,0.87,0.9,0.9569877980330717,0.5459554948630805,0.9280120074512902
291,0.47,0.88,0.91,0.7,0.86,0.88,0.806,0.5456,0.7562,0.56,0.87,0.9,0.9569616566826463,0.5613727505735496,0.9276486273492404
292,0.5,0.88,0.91,0.7,0.87,0.88,0.8067,0.5633,0.7626,0.58,0.87,0.9,0.9570256568798832,0.561240576988612,0.9286236177177799
293,0.5,0.88,0.91,0.7,0.87,0.88,0.8088,0.5677,0.7597,0.59,0.87,0.9,0.9569103434783686,0.5643770009053063,0.929200316517884
294,0.49,0.88,0.91,0.69,0.87,0.88,0.8067,0.5559,0.7576,0.58,0.87,0.9,0.9569491102348453,0.5502884311216125,0.9278540922110647
295,0.48,0.88,0.92,0.71,0.87,0.88,0.8103,0.5586,0.7569,0.58,0.87,0.9,0.9567736240384228,0.5446963587356618,0.9297948324370321
296,0.49,0.88,0.92,0.68,0.87,0.88,0.8096,0.5514,0.7654,0.57,0.88,0.9,0.956859737128277,0.55138330981655,0.929781197190023
297,0.48,0.88,0.92,0.7,0.86,0.88,0.8096,0.5514,0.7569,0.57,0.87,0.9,0.9567190208979787,0.5660853154890847,0.9292243935021008
298,0.48,0.88,0.92,0.7,0.86,0.88,0.8096,0.5514,0.7569,0.57,0.87,0.9,0.9567190208979787,0.5660853154890847,0.9292243935021008
299,0.51,0.88,0.91,0.69,0.87,0.88,0.8081,0.5652,0.7619,0.58,0.87,0.9,0.95701969480064,0.5737095915037769,0.9296125339992592
300,0.49,0.88,0.92,0.7,0.87,0.88,0.8103,0.5588,0.7583,0.58,0.87,0.9,0.9572013567340367,0.5569977383594652,0.9291330518118057
301,0.48,0.88,0.92,0.68,0.87,0.88,0.8103,0.544,0.7583,0.56,0.87,0.9,0.9571772436907303,0.5701536598237926,0.9289204172646496
302,0.5,0.88,0.92,0.69,0.87,0.88,0.8131,0.5574,0.7633,0.58,0.87,0.9,0.9569236485788999,0.5723218167304004,0.9294314441123126
303,0.5,0.87,0.92,0.69,0.87,0.88,0.8082,0.562,0.7591,0.58,0.87,0.9,0.9572810638432363,0.5633226105434905,0.9290579475877426
304,0.49,0.88,0.91,0.7,0.86,0.88,0.8088,0.5572,0.7562,0.58,0.87,0.9,0.9572078904707759,0.569151319586845,0.928756356788731
305,0.5,0.88,0.92,0.7,0.87,0.88,0.8125,0.5677,0.7605,0.59,0.87,0.9,0.9571084647254712,0.5734257160846293,0.9294845103322771
306,0.51,0.87,0.92,0.68,0.87,0.88,0.8096,0.5655,0.7605,0.59,0.87,0.9,0.9568725449079534,0.5619131502682226,0.9298421023339413
307,0.48,0.88,0.92,0.69,0.87,0.88,0.8124,0.5484,0.7597,0.57,0.87,0.9,0.9572943574309167,0.570688000182199,0.9295303295467214
308,0.5,0.88,0.92,0.68,0.87,0.88,0.8124,0.556,0.7633,0.58,0.87,0.9,0.9568465769380268,0.5530411716981619,0.9294855620828147
309,0.5,0.87,0.92,0.69,0.87,0.88,0.8103,0.5605,0.7591,0.58,0.87,0.9,0.9570002024551956,0.5498069986733163,0.9292063785588199
310,0.5,0.88,0.92,0.7,0.87,0.88,0.8124,0.5633,0.7654,0.58,0.88,0.9,0.9568363547248054,0.561962993065216,0.9295975439159684
311,0.5,0.88,0.92,0.7,0.87,0.88,0.8096,0.5618,0.7633,0.58,0.87,0.9,0.9569637482536437,0.5443375370245102,0.9302005230222716
312,0.48,0.88,0.92,0.69,0.87,0.88,0.811,0.5455,0.7611,0.56,0.87,0.9,0.9572687611505734,0.5590664004601522,0.9289515245698473
313,0.5,0.88,0.92,0.69,0.87,0.88,0.811,0.562,0.7619,0.58,0.87,0.9,0.9569354778649306,0.5552119769359597,0.9295935927792015
314,0.49,0.88,0.92,0.68,0.87,0.88,0.8103,0.5484,0.7591,0.57,0.87,0.9,0.9570355860852571,0.5312194353264303,0.9287078542715371
315,0.49,0.88,0.92,0.68,0.87,0.88,0.8096,0.5499,0.7619,0.57,0.87,0.9,0.9574270159823934,0.5310085145940019,0.9295444051256039
316,0.49,0.88,0.92,0.69,0.87,0.88,0.8132,0.5559,0.7612,0.58,0.87,0.9,0.9569494731628759,0.5376736142607627,0.9296078383075891
317,0.5,0.88,0.92,0.69,0.87,0.88,0.8103,0.5574,0.7633,0.58,0.88,0.9,0.9569864267622452,0.5532886284094508,0.9298304950277638
318,0.5,0.88,0.91,0.7,0.87,0.88,0.8081,0.5677,0.7619,0.59,0.87,0.9,0.9566842505099548,0.5814323831134646,0.9300906740816997
319,0.48,0.88,0.92,0.7,0.87,0.88,0.8097,0.5499,0.7576,0.57,0.87,0.9,0.9567051501078842,0.5740523619033588,0.9292081232270432
320,0.49,0.88,0.92,0.7,0.87,0.88,0.8117,0.5616,0.7626,0.58,0.87,0.9,0.957413679824496,0.5599820524057515,0.9297356282262189
321,0.48,0.88,0.92,0.7,0.87,0.88,0.8103,0.5557,0.7597,0.57,0.87,0.9,0.9573782660525647,0.5773448759833315,0.9297565822552268
322,0.5,0.88,0.91,0.7,0.87,0.88,0.806,0.5603,0.759,0.58,0.87,0.9,0.9574233946663169,0.550737937456917,0.9300210311757768
323,0.48,0.88,0.92,0.7,0.87,0.88,0.8061,0.5484,0.7562,0.57,0.87,0.9,0.9570448624830545,0.5520654346887489,0.9295220720172376
324,0.47,0.88,0.92,0.7,0.87,0.88,0.8097,0.5485,0.7597,0.57,0.87,0.9,0.9570382806884659,0.5535636680106898,0.9293262668781611
325,0.49,0.88,0.92,0.7,0.87,0.88,0.8097,0.5572,0.7612,0.58,0.87,0.9,0.9567511182037103,0.5628104321209734,0.9294009685087633
326,0.48,0.88,0.92,0.7,0.87,0.88,0.8097,0.5514,0.7583,0.57,0.87,0.9,0.9569964928282297,0.5476214144863654,0.930133065483454
327,0.48,0.88,0.92,0.71,0.87,0.88,0.8082,0.5586,0.759,0.58,0.87,0.9,0.9572881140366354,0.5447544699226825,0.9297204767591729
328,0.48,0.88,0.92,0.7,0.87,0.88,0.8089,0.5528,0.7597,0.57,0.87,0.9,0.9567401227391868,0.5429943415082621,0.9296343170793873
329,0.49,0.88,0.92,0.71,0.87,0.88,0.8061,0.563,0.759,0.58,0.87,0.9,0.9572702524025118,0.5484873301245492,0.9298815997240146
330,0.47,0.88,0.92,0.7,0.87,0.88,0.8082,0.5427,0.7583,0.56,0.87,0.9,0.9571088846505725,0.5124958407662464,0.9286112988801339
331,0.46,0.88,0.92,0.68,0.87,0.88,0.8075,0.5312,0.759,0.55,0.87,0.9,0.9565927282079133,0.5125411477194316,0.9291491192878555
332,0.45,0.88,0.92,0.7,0.86,0.88,0.809,0.5331,0.7569,0.55,0.87,0.9,0.9571002690157745,0.5270440690084066,0.9287377140852265
333,0.46,0.88,0.92,0.7,0.87,0.88,0.8097,0.5415,0.7604,0.56,0.87,0.9,0.9568487398429176,0.523467473709384,0.928754754885686
334,0.47,0.88,0.91,0.7,0.86,0.88,0.806,0.5456,0.7562,0.56,0.87,0.9,0.9571928792270237,0.528864686844263,0.9294325697814215
335,0.48,0.88,0.92,0.7,0.87,0.88,0.8096,0.5499,0.7604,0.57,0.87,0.9,0.9566240694091221,0.5113277323164872,0.9287651389719742
336,0.48,0.88,0.92,0.68,0.87,0.88,0.8089,0.5425,0.7605,0.56,0.87,0.9,0.9571004454279236,0.5101529130721684,0.928845285750791
337,0.47,0.88,0.92,0.69,0.87,0.88,0.8082,0.5398,0.7583,0.56,0.87,0.9,0.9571628232377617,0.509060407824853,0.9287120087036254
338,0.48,0.88,0.92,0.69,0.87,0.88,0.8075,0.5469,0.7583,0.57,0.87,0.9,0.9569679718821931,0.49937070206572154,0.9292922152231011
339,0.47,0.88,0.92,0.7,0.87,0.88,0.8082,0.5441,0.7604,0.56,0.87,0.9,0.9566056187898585,0.5102248502194612,0.9286985314753124
340,0.49,0.88,0.92,0.69,0.87,0.88,0.8082,0.5543,0.7612,0.57,0.87,0.9,0.9569551504352343,0.5155408792379572,0.9296228962625578
341,0.48,0.87,0.91,0.65,0.87,0.88,0.8047,0.5275,0.7549,0.55,0.87,0.89,0.956795794965198,0.5019011763402704,0.928813972586962
342,0.48,0.87,0.91,0.67,0.87,0.88,0.8011,0.5395,0.7541,0.56,0.87,0.89,0.9573512942818005,0.5051636258000598,0.9295383683171888
343,0.48,0.87,0.92,0.66,0.87,0.88,0.8075,0.5335,0.7577,0.56,0.87,0.9,0.9573355010459382,0.5006000388053838,0.9290510667050494
344,0.46,0.87,0.91,0.62,0.87,0.88,0.806,0.5035,0.7548,0.53,0.87,0.9,0.9571143533596475,0.48546121065443093,0.9290345998585682
345,0.46,0.87,0.92,0.63,0.87,0.88,0.8082,0.5066,0.7541,0.53,0.87,0.9,0.9566942002000206,0.4703280701925328,0.9288589201686549
346,0.47,0.87,0.92,0.65,0.87,0.88,0.8104,0.5217,0.7605,0.54,0.87,0.9,0.9574640428255726,0.4941457717523807,0.9288171271211475
347,0.46,0.87,0.92,0.64,0.87,0.88,0.809,0.5098,0.7577,0.53,0.87,0.9,0.9572546029110447,0.48611723916433475,0.9298180225685804
348,0.45,0.87,0.92,0.65,0.87,0.88,0.8111,0.5131,0.7555,0.54,0.87,0.9,0.9567444860522539,0.4720615091527698,0.9292265748370533
349,0.46,0.87,0.92,0.64,0.87,0.88,0.8075,0.5098,0.7562,0.53,0.87,0.9,0.9566126485012224,0.4718117717464428,0.929120953017198
350,0.46,0.87,0.92,0.65,0.87,0.88,0.8089,0.5174,0.7584,0.54,0.87,0.9,0.9568083814773474,0.49184679215749977,0.9293212339376915
351,0.47,0.88,0.92,0.66,0.87,0.88,0.8103,0.5321,0.7612,0.55,0.87,0.9,0.9569628547565683,0.4917058008034984,0.9297073295025344
352,0.47,0.88,0.92,0.66,0.87,0.88,0.8097,0.5321,0.7619,0.55,0.87,0.9,0.9567408730432803,0.4921560287165772,0.9295642229869229
353,0.47,0.88,0.92,0.68,0.87,0.88,0.8111,0.5366,0.7612,0.56,0.87,0.9,0.9572263698791963,0.4971995349505202,0.9295435710217469
354,0.48,0.87,0.92,0.65,0.87,0.88,0.8103,0.5275,0.762,0.55,0.87,0.9,0.9570528055396799,0.4872846211018405,0.9293430173570305
355,0.46,0.88,0.92,0.64,0.87,0.88,0.811,0.5141,0.7633,0.54,0.88,0.9,0.9571611557161016,0.48350676829621775,0.9286957384474267
356,0.46,0.87,0.92,0.66,0.87,0.88,0.8082,0.5218,0.7541,0.54,0.87,0.9,0.956950281883509,0.4996255863071672,0.9292232994573133
357,0.48,0.88,0.92,0.67,0.87,0.88,0.8096,0.5366,0.7626,0.56,0.87,0.9,0.9574648742529888,0.5044659276665713,0.9295605822052491
358,0.48,0.87,0.92,0.66,0.87,0.88,0.8082,0.5351,0.7605,0.56,0.87,0.9,0.9571019158020672,0.4943465330928067,0.9290715051411063
359,0.48,0.87,0.92,0.64,0.87,0.88,0.8103,0.526,0.7613,0.55,0.87,0.9,0.9569825431737942,0.48915551968905713,0.9288129023448679
360,0.48,0.88,0.92,0.68,0.87,0.88,0.809,0.5425,0.7605,0.56,0.87,0.9,0.9570803509376997,0.5054084376473947,0.9293774499826216
361,0.48,0.88,0.92,0.68,0.87,0.88,0.8103,0.5469,0.764,0.57,0.88,0.9,0.9572473374548761,0.5170134549034668,0.9297136392616605
362,0.47,0.87,0.92,0.65,0.87,0.88,0.8096,0.5231,0.7562,0.55,0.87,0.9,0.956883358009336,0.4869427236678904,0.9291564986272352
363,0.47,0.88,0.92,0.66,0.87,0.88,0.8082,0.5262,0.7605,0.55,0.87,0.9,0.9573465469006399,0.507250329724141,0.9295572701547722
364,0.49,0.87,0.92,0.66,0.87,0.88,0.8082,0.5396,0.7598,0.56,0.87,0.9,0.9573650593528139,0.501590891599027,0.9302109126640554
365,0.49,0.87,0.92,0.67,0.87,0.88,0.8111,0.544,0.762,0.57,0.87,0.9,0.9574026227931736,0.5062439751345258,0.9302641161210929
366,0.49,0.88,0.92,0.67,0.88,0.88,0.811,0.5456,0.7669,0.57,0.88,0.9,0.9570271185645345,0.5096434466765228,0.9299246438009445
367,0.48,0.88,0.92,0.68,0.87,0.88,0.8089,0.5425,0.7605,0.56,0.87,0.9,0.9570722617846015,0.5090921713239214,0.9298171050040764
368,0.48,0.88,0.92,0.68,0.87,0.88,0.8117,0.544,0.7626,0.56,0.87,0.9,0.9571859274759903,0.49172508269060783,0.9298164145330484
369,0.49,0.88,0.92,0.67,0.87,0.88,0.8096,0.544,0.7619,0.57,0.87,0.9,0.9570189998571976,0.5080188176787034,0.9303480104656695
370,0.48,0.88,0.92,0.68,0.87,0.88,0.8103,0.5395,0.7619,0.56,0.87,0.9,0.9572354609139859,0.49791354490182055,0.9300891339133097
371,0.49,0.88,0.92,0.68,0.88,0.88,0.8125,0.547,0.7676,0.57,0.88,0.9,0.9576870218929667,0.5016140135719613,0.9306383519200992
372,0.47,0.88,0.92,0.66,0.87,0.88,0.8089,0.5306,0.7619,0.55,0.87,0.9,0.9573723534308355,0.5010157662728926,0.9298851466451675
373,0.48,0.88,0.92,0.67,0.87,0.88,0.8104,0.5395,0.7619,0.56,0.87,0.9,0.9574579253095532,0.5055120964483043,0.9297987964417621
374,0.47,0.87,0.92,0.66,0.87,0.88,0.8082,0.5292,0.7562,0.55,0.87,0.9,0.9572020636752554,0.5011061980070586,0.9300719112016531
375,0.49,0.87,0.91,0.66,0.87,0.88,0.8067,0.5441,0.762,0.57,0.87,0.9,0.9572414400621696,0.499570614146515,0.9298576484234572
376,0.5,0.88,0.92,0.68,0.87,0.88,0.8089,0.5545,0.7662,0.57,0.88,0.9,0.957170914690266,0.5052628878592024,0.9301746229244473
377,0.47,0.88,0.92,0.65,0.87,0.88,0.8089,0.5246,0.7605,0.55,0.87,0.9,0.9572794946330628,0.4964143443316189,0.9300086385994448
378,0.49,0.88,0.92,0.66,0.88,0.88,0.8103,0.5366,0.7634,0.56,0.88,0.9,0.9571899333543291,0.4999714604017565,0.9304342883317398
379,0.49,0.88,0.91,0.67,0.87,0.88,0.8081,0.5425,0.7612,0.56,0.87,0.9,0.9574530434683635,0.5056356545193408,0.9304856216060802
380,0.5,0.88,0.92,0.68,0.88,0.88,0.8089,0.5516,0.7634,0.57,0.88,0.9,0.9571499416424973,0.5074264948632913,0.93035078664892
381,0.48,0.87,0.92,0.65,0.88,0.88,0.8097,0.5305,0.7613,0.55,0.87,0.9,0.9576892565300531,0.5005151382829102,0.9301494731785198
382,0.48,0.87,0.92,0.65,0.88,0.88,0.8096,0.5321,0.7634,0.55,0.88,0.9,0.957605490649439,0.491905339471044,0.9299786801114912
383,0.49,0.87,0.92,0.66,0.88,0.88,0.8061,0.5411,0.7627,0.56,0.88,0.9,0.9575165444657792,0.5178756360860549,0.9300241097365289
384,0.48,0.88,0.92,0.66,0.87,0.88,0.8103,0.5365,0.7634,0.56,0.88,0.9,0.9574823974430264,0.5011917273259263,0.9301911677098116
385,0.49,0.88,0.92,0.66,0.88,0.88,0.8103,0.5411,0.7669,0.56,0.88,0.9,0.9573604631050477,0.503765109099912,0.9306605326105718
386,0.49,0.88,0.92,0.67,0.88,0.88,0.8089,0.5456,0.7634,0.57,0.88,0.9,0.9572255963261461,0.5114168928763385,0.9296091450943006
387,0.48,0.87,0.92,0.67,0.87,0.88,0.8061,0.541,0.7598,0.56,0.87,0.9,0.9572619758368167,0.5077805374809584,0.9300048579741176
388,0.5,0.87,0.91,0.66,0.88,0.88,0.8054,0.5428,0.7627,0.56,0.88,0.9,0.9575211776474474,0.5208020794673421,0.930434251971149
389,0.49,0.87,0.91,0.62,0.88,0.88,0.8053,0.5231,0.762,0.55,0.87,0.9,0.957630653854778,0.5016378373804623,0.9312254882166083
390,0.51,0.88,0.92,0.7,0.88,0.88,0.8076,0.568,0.7698,0.59,0.88,0.9,0.9577306743802946,0.5437901201179893,0.9314975056750778
391,0.51,0.88,0.92,0.7,0.88,0.88,0.8075,0.568,0.7683,0.59,0.88,0.9,0.9577161920250017,0.5455818493413703,0.9313242908913372
392,0.51,0.88,0.92,0.7,0.88,0.88,0.8096,0.5728,0.7698,0.59,0.88,0.9,0.9574220834024432,0.5378461406303395,0.9313503426607044
393,0.5,0.88,0.92,0.7,0.87,0.88,0.8103,0.5662,0.7661,0.58,0.88,0.9,0.9578569097543075,0.5405999023930639,0.9313904443863957
394,0.49,0.88,0.92,0.7,0.87,0.88,0.8117,0.5616,0.7668,0.58,0.88,0.9,0.9573806845371577,0.5478679628079347,0.931192343400701
395,0.5,0.88,0.92,0.7,0.87,0.88,0.8096,0.5662,0.764,0.58,0.88,0.9,0.9574122544412678,0.5453870761008727,0.9317166900504581
396,0.49,0.88,0.92,0.71,0.87,0.88,0.8075,0.5616,0.7626,0.58,0.87,0.9,0.9579074190841292,0.5489167900896825,0.9309688949053782
397,0.49,0.88,0.92,0.7,0.87,0.88,0.809,0.5602,0.7605,0.58,0.87,0.9,0.9575794970802292,0.5535687391036399,0.931600535208053
398,0.5,0.88,0.92,0.71,0.87,0.88,0.8089,0.5675,0.7626,0.59,0.87,0.9,0.9580496283060715,0.552139216011506,0.9315347796377001
399,0.51,0.88,0.92,0.7,0.87,0.88,0.8096,0.5708,0.7633,0.59,0.88,0.9,0.958162659563241,0.5555013255072039,0.9313595060931058
400,0.51,0.88,0.92,0.7,0.88,0.88,0.8117,0.5708,0.7683,0.59,0.88,0.9,0.9578029138727275,0.5608199943846488,0.9314145298139032
401,0.5,0.88,0.92,0.71,0.87,0.88,0.8089,0.5675,0.7668,0.59,0.88,0.9,0.958088186839917,0.5475351077212702,0.9317433069903316
402,0.49,0.88,0.92,0.7,0.87,0.88,0.8104,0.5587,0.7626,0.58,0.87,0.9,0.9580039949163018,0.55524128339606,0.9318587357308689
403,0.5,0.88,0.92,0.7,0.87,0.88,0.811,0.5662,0.7668,0.58,0.88,0.9,0.9577552205395251,0.539504883365713,0.9315972784567348
404,0.5,0.88,0.92,0.71,0.87,0.88,0.8082,0.5706,0.7662,0.59,0.88,0.9,0.9580892224482733,0.5552409268171217,0.932154835173399
405,0.5,0.88,0.92,0.7,0.87,0.88,0.8068,0.5632,0.7626,0.58,0.87,0.9,0.9573932533100763,0.5627307906451751,0.9316551555307273
406,0.49,0.88,0.92,0.7,0.87,0.88,0.8096,0.5616,0.7647,0.58,0.88,0.9,0.9580800334381566,0.5652914436390138,0.9315334687546644
407,0.49,0.88,0.92,0.71,0.87,0.88,0.809,0.563,0.7619,0.58,0.87,0.9,0.957711696402288,0.5568036934643844,0.9315968147265541
408,0.49,0.88,0.92,0.71,0.87,0.88,0.8104,0.563,0.7661,0.58,0.88,0.9,0.9577546031799343,0.5425049740071277,0.9315907875118261
409,0.5,0.88,0.92,0.7,0.87,0.88,0.8089,0.5632,0.7647,0.58,0.88,0.9,0.9578605087619633,0.5412971161992634,0.9314785416228087
410,0.5,0.88,0.92,0.71,0.88,0.88,0.8103,0.5706,0.7683,0.59,0.88,0.9,0.9580055317271677,0.5488811718084076,0.9322758263498186
411,0.5,0.88,0.92,0.71,0.87,0.88,0.8097,0.5706,0.7662,0.59,0.88,0.9,0.9577759054983286,0.5521764889175745,0.9320801332206857
412,0.5,0.88,0.92,0.71,0.87,0.88,0.811,0.5706,0.7661,0.59,0.88,0.9,0.9579114320074955,0.5566429974464954,0.9317447582413005
413,0.5,0.88,0.92,0.71,0.87,0.88,0.8103,0.5721,0.7662,0.59,0.88,0.9,0.9579066690763585,0.5605740650426033,0.931857760688591
414,0.51,0.88,0.92,0.71,0.88,0.88,0.8118,0.5784,0.7719,0.6,0.88,0.9,0.9578837462859973,0.5425748708002854,0.9316897036768448
415,0.5,0.88,0.92,0.7,0.87,0.88,0.8103,0.5632,0.7647,0.58,0.88,0.9,0.9583199574070004,0.5489479370770226,0.9315635325202869
416,0.5,0.88,0.92,0.7,0.88,0.88,0.8097,0.5618,0.7662,0.58,0.88,0.9,0.9577472247703129,0.5351155572181912,0.9310024202477003
417,0.5,0.88,0.92,0.7,0.87,0.88,0.8076,0.5647,0.7641,0.58,0.88,0.9,0.9580400834963393,0.5577177474285607,0.9316162041918806
418,0.5,0.88,0.92,0.71,0.88,0.88,0.8082,0.5721,0.7669,0.59,0.88,0.9,0.9577852120041997,0.5551087413265977,0.9316891107824934
419,0.5,0.88,0.92,0.7,0.88,0.88,0.8111,0.5649,0.7662,0.58,0.88,0.9,0.9580398907222268,0.5450097538168204,0.9319530743818139
420,0.5,0.88,0.92,0.71,0.88,0.88,0.8125,0.5721,0.7683,0.59,0.88,0.9,0.9576666091066326,0.5426197099770195,0.9317962871433589
421,0.5,0.88,0.92,0.7,0.87,0.88,0.8103,0.5633,0.7662,0.58,0.88,0.9,0.95783746108733,0.5366591353398468,0.931965023149549
422,0.5,0.88,0.92,0.71,0.87,0.88,0.809,0.5721,0.7648,0.59,0.88,0.9,0.9578420494992561,0.5538696166545872,0.9318671433889786
423,0.5,0.88,0.92,0.7,0.87,0.88,0.8089,0.5632,0.7633,0.58,0.87,0.9,0.9583725544227111,0.5452184864627605,0.9321765255014376
424,0.49,0.88,0.92,0.71,0.87,0.88,0.8103,0.5645,0.764,0.58,0.88,0.9,0.9579077232150512,0.5528446217071847,0.9317457697904407
425,0.5,0.88,0.92,0.71,0.87,0.88,0.8089,0.5721,0.7633,0.59,0.87,0.9,0.9580407200303802,0.5378529624521757,0.9314374937023303
426,0.5,0.88,0.92,0.7,0.87,0.88,0.8103,0.5618,0.7654,0.58,0.88,0.9,0.9580057915000523,0.5386065994477091,0.9318019667800599
427,0.5,0.88,0.92,0.71,0.88,0.88,0.8111,0.5675,0.7662,0.59,0.88,0.9,0.9579624346223197,0.557897148262449,0.9317101083963863
428,0.5,0.88,0.92,0.71,0.87,0.88,0.811,0.5691,0.7668,0.59,0.88,0.9,0.9579042665741783,0.5528902952598671,0.9316078691802889
429,0.5,0.88,0.92,0.7,0.87,0.88,0.8075,0.5662,0.7648,0.58,0.88,0.9,0.9578759796620653,0.5489965555900581,0.9317016434258837
430,0.5,0.88,0.92,0.72,0.88,0.88,0.8089,0.575,0.769,0.59,0.88,0.9,0.9578561217679176,0.5601807990575031,0.9315487716418885
431,0.5,0.88,0.92,0.71,0.87,0.88,0.8089,0.566,0.7633,0.58,0.87,0.9,0.957758678688239,0.5453043359647265,0.9309513359167921
432,0.5,0.88,0.92,0.7,0.87,0.88,0.8124,0.5603,0.7668,0.58,0.88,0.9,0.9581252035937369,0.548377696340109,0.9316058931015738
433,0.51,0.88,0.92,0.7,0.88,0.88,0.8075,0.5708,0.7683,0.59,0.88,0.9,0.9579175324971131,0.564112170805128,0.9321042283913314
434,0.5,0.88,0.92,0.7,0.88,0.88,0.8103,0.5664,0.7676,0.59,0.88,0.9,0.9582254059474812,0.5532724931028318,0.931838815754555
435,0.5,0.88,0.92,0.71,0.87,0.88,0.8089,0.5706,0.7668,0.59,0.88,0.9,0.9584083801598609,0.553483750732046,0.9321808449795577
436,0.5,0.88,0.92,0.7,0.87,0.88,0.8096,0.5662,0.7668,0.58,0.88,0.9,0.9581682681979881,0.5539271887410971,0.9325418984798695
437,0.5,0.88,0.92,0.7,0.87,0.88,0.8103,0.5632,0.7661,0.58,0.88,0.9,0.9582674867167091,0.5508801218649958,0.9317508930977325
438,0.5,0.88,0.92,0.7,0.88,0.88,0.8075,0.5693,0.7676,0.59,0.88,0.9,0.9578602682125925,0.5443256850694165,0.9322111156694703
439,0.5,0.88,0.92,0.7,0.88,0.88,0.8089,0.5649,0.7683,0.58,0.88,0.9,0.9580948599678747,0.5387366608317873,0.9322942036560704
440,0.49,0.88,0.92,0.7,0.87,0.88,0.8089,0.5616,0.7654,0.58,0.88,0.9,0.9579852329916982,0.5376141874427282,0.9317384284653065
441,0.5,0.88,0.92,0.7,0.87,0.88,0.8082,0.5633,0.7655,0.58,0.88,0.9,0.9580725123062942,0.53627856336168,0.93144509255193
442,0.51,0.88,0.92,0.7,0.87,0.88,0.8082,0.5724,0.7655,0.59,0.88,0.9,0.9580066094776538,0.55184184238151,0.9318598412307206
443,0.5,0.88,0.92,0.7,0.87,0.88,0.8103,0.5632,0.7661,0.58,0.88,0.9,0.9581780483678295,0.5611180048975906,0.9322265996045817
444,0.5,0.88,0.92,0.69,0.88,0.88,0.8089,0.5636,0.7676,0.58,0.88,0.9,0.9581200275440628,0.5400175156140895,0.9316664085916536
445,0.5,0.88,0.92,0.7,0.88,0.88,0.811,0.5633,0.7697,0.58,0.88,0.9,0.9583050512656166,0.5473866439287581,0.9317616853122057
446,0.5,0.88,0.92,0.7,0.88,0.88,0.8103,0.5647,0.7697,0.58,0.88,0.9,0.9580998326883122,0.5394111294339433,0.93218617634772
447,0.5,0.88,0.92,0.71,0.87,0.88,0.8082,0.5721,0.7654,0.59,0.88,0.9,0.9583026954904068,0.5356971837737434,0.9319055013934063
448,0.5,0.88,0.92,0.7,0.87,0.88,0.8089,0.5618,0.7654,0.58,0.88,0.9,0.9579937198614593,0.5320324204056751,0.9313066108440051
449,0.5,0.88,0.92,0.7,0.87,0.88,0.8075,0.5633,0.7662,0.58,0.88,0.9,0.9582305318829003,0.5282165052043805,0.9320122944374608
450,0.51,0.88,0.92,0.7,0.88,0.88,0.8082,0.568,0.7676,0.59,0.88,0.9,0.9580798424410285,0.5537563681859741,0.931956671429374
451,0.5,0.88,0.92,0.7,0.87,0.88,0.8103,0.5693,0.7676,0.59,0.88,0.9,0.9581066783042251,0.5367885110939952,0.9312236038333972
452,0.5,0.88,0.92,0.7,0.87,0.88,0.8089,0.5677,0.7669,0.59,0.88,0.9,0.9579945733737407,0.5238864447155344,0.931907168151142
453,0.49,0.88,0.92,0.68,0.87,0.88,0.8089,0.5514,0.7647,0.57,0.88,0.9,0.9580802649382867,0.5215261375292993,0.9317927330767091
454,0.5,0.88,0.92,0.7,0.88,0.88,0.8118,0.5647,0.7697,0.58,0.88,0.9,0.9580177502195674,0.5408044120239637,0.9319241396584971
455,0.5,0.88,0.92,0.7,0.88,0.88,0.8103,0.5662,0.769,0.58,0.88,0.9,0.9579664546333905,0.5350436187851212,0.9320280995701355
456,0.5,0.88,0.92,0.7,0.87,0.88,0.8096,0.5647,0.7647,0.58,0.88,0.9,0.958383641745746,0.5307665381371222,0.931692260092642
457,0.5,0.88,0.92,0.7,0.88,0.88,0.8125,0.5633,0.7697,0.58,0.88,0.9,0.9581160891971728,0.5374796344699887,0.9317914306975361
458,0.51,0.88,0.91,0.71,0.88,0.88,0.8081,0.5784,0.7697,0.6,0.88,0.9,0.9580423202632493,0.5427270106181273,0.9319558737498415
459,0.5,0.88,0.92,0.69,0.87,0.88,0.8096,0.5605,0.7654,0.58,0.88,0.9,0.9580315378086003,0.5341499057157352,0.9315471487436008
460,0.5,0.88,0.92,0.7,0.87,0.88,0.8082,0.5662,0.7654,0.58,0.88,0.9,0.9578952281118662,0.5387918348942089,0.9314941357077555
461,0.5,0.88,0.92,0.69,0.88,0.88,0.8089,0.5605,0.7676,0.58,0.88,0.9,0.9578182093835126,0.5343496630054724,0.9317447128867108
462,0.5,0.88,0.91,0.68,0.87,0.88,0.8081,0.5531,0.7647,0.57,0.88,0.9,0.9577236471961962,0.5278730439194933,0.9316188702919262
463,0.5,0.88,0.91,0.7,0.87,0.88,0.8067,0.5677,0.7647,0.59,0.88,0.9,0.9581517701079048,0.5452685128389737,0.931971987400652
464,0.5,0.88,0.92,0.68,0.88,0.88,0.8089,0.5607,0.7704,0.58,0.88,0.9,0.9581856152598132,0.5392514336725269,0.9320459951816383
465,0.48,0.88,0.92,0.68,0.87,0.88,0.8089,0.5469,0.7626,0.57,0.87,0.9,0.9576635518041147,0.5242643294205382,0.9310406399646687
466,0.5,0.88,0.91,0.69,0.87,0.88,0.8088,0.5589,0.7668,0.58,0.88,0.9,0.95818684942469,0.5251229073630075,0.931711880244916
467,0.5,0.88,0.92,0.7,0.87,0.88,0.8096,0.5633,0.7668,0.58,0.88,0.9,0.9581450372384851,0.5292952529789541,0.9316546392449372
468,0.49,0.88,0.92,0.68,0.87,0.88,0.8082,0.5484,0.7612,0.57,0.87,0.9,0.9578091281190573,0.5361571239111881,0.9322356965847527
469,0.5,0.88,0.92,0.68,0.88,0.88,0.8096,0.5547,0.7669,0.58,0.88,0.9,0.958076690706835,0.5439792288781709,0.9319830365963881
470,0.5,0.88,0.91,0.69,0.87,0.88,0.8053,0.5636,0.7641,0.58,0.88,0.9,0.957739808976799,0.538511739904434,0.9316742987780471
471,0.5,0.88,0.92,0.7,0.88,0.88,0.8103,0.5662,0.769,0.58,0.88,0.9,0.9582867721543162,0.5370210115971538,0.9321063446539161
472,0.51,0.88,0.92,0.7,0.88,0.88,0.8103,0.574,0.7711,0.59,0.88,0.9,0.9580522349487202,0.5460372513862831,0.9317630126337288
473,0.49,0.88,0.92,0.69,0.87,0.88,0.8082,0.5543,0.7626,0.57,0.87,0.9,0.9584279867999572,0.5400382205527463,0.9318469087089079
474,0.5,0.88,0.92,0.7,0.87,0.88,0.8096,0.5603,0.7654,0.58,0.88,0.9,0.9578333891630179,0.538782571160251,0.9315434528963125
475,0.5,0.88,0.92,0.7,0.87,0.88,0.8089,0.5618,0.7654,0.58,0.88,0.9,0.9579115390063094,0.5419743743284416,0.9316660859555511
476,0.51,0.88,0.92,0.71,0.88,0.88,0.8075,0.5737,0.7683,0.59,0.88,0.9,0.957848948926648,0.5328489729009409,0.9321011907158857
477,0.5,0.88,0.91,0.7,0.87,0.88,0.806,0.5664,0.7661,0.59,0.88,0.9,0.9579601899571379,0.5354879577515689,0.9320848946163691
478,0.5,0.88,0.91,0.68,0.87,0.88,0.8067,0.5591,0.7662,0.58,0.88,0.9,0.9582251776499013,0.5247558286295493,0.9317509134103709
479,0.5,0.88,0.91,0.69,0.87,0.88,0.8061,0.5589,0.764,0.58,0.88,0.9,0.9577275623371743,0.5279835213238817,0.9316413563703612
480,0.5,0.88,0.91,0.72,0.87,0.88,0.8081,0.575,0.7654,0.59,0.88,0.9,0.9580422004919131,0.5461557283673667,0.9322385471307235
481,0.5,0.88,0.91,0.68,0.87,0.88,0.8067,0.5591,0.7647,0.58,0.88,0.9,0.9581959508990958,0.5330276544012877,0.9316512962197938
482,0.5,0.88,0.91,0.69,0.87,0.88,0.8067,0.562,0.7648,0.58,0.88,0.9,0.957846698288332,0.550607208304378,0.9321214640823394
483,0.5,0.88,0.92,0.7,0.87,0.88,0.8089,0.5603,0.7676,0.58,0.88,0.9,0.957636580250106,0.5410889375199331,0.9320120271300187
484,0.5,0.88,0.92,0.7,0.88,0.88,0.8096,0.5649,0.7704,0.58,0.88,0.9,0.9578556483258702,0.5389052213508797,0.932135630923387
485,0.5,0.88,0.92,0.69,0.88,0.88,0.8082,0.562,0.7676,0.58,0.88,0.9,0.9581163793962507,0.5419921074103382,0.9316671682601881
486,0.5,0.88,0.92,0.68,0.88,0.88,0.8096,0.5591,0.769,0.58,0.88,0.9,0.9580518431892777,0.5308591651559523,0.9313157724631123
487,0.51,0.88,0.92,0.7,0.88,0.88,0.8089,0.568,0.7697,0.59,0.88,0.9,0.9577846489988361,0.5308083601246752,0.9317432381551713
488,0.5,0.88,0.92,0.7,0.87,0.88,0.8096,0.5633,0.7683,0.58,0.88,0.9,0.9578452183096459,0.540642200424215,0.9324298476679569
489,0.5,0.88,0.92,0.68,0.88,0.88,0.8082,0.556,0.7662,0.58,0.88,0.9,0.9576407864712398,0.5307764843046694,0.9317159793441575
490,0.5,0.88,0.92,0.7,0.87,0.88,0.8096,0.5632,0.7697,0.58,0.88,0.9,0.9579393617905679,0.5399267597241636,0.9320430795541558
491,0.51,0.88,0.91,0.7,0.87,0.88,0.806,0.568,0.7669,0.59,0.88,0.9,0.957831777527084,0.5325745503379608,0.9317525956918594
492,0.5,0.88,0.92,0.7,0.87,0.88,0.8096,0.5693,0.7683,0.59,0.88,0.9,0.9579623656907964,0.5364084357607329,0.9323223220121735
493,0.5,0.88,0.91,0.69,0.87,0.88,0.8088,0.5605,0.7676,0.58,0.88,0.9,0.9577438024777858,0.5320760460013915,0.932100753765124
494,0.5,0.88,0.92,0.7,0.88,0.88,0.8096,0.5664,0.7697,0.59,0.88,0.9,0.9580287083856368,0.5414932640741972,0.9318888423752943
495,0.49,0.88,0.91,0.69,0.87,0.88,0.8067,0.5559,0.7647,0.58,0.88,0.9,0.9577640540048095,0.538048594462097,0.9316092228023674
496,0.51,0.88,0.91,0.7,0.88,0.88,0.8081,0.5724,0.7697,0.59,0.88,0.9,0.9579612813795555,0.5367451564595205,0.9321049768879609
497,0.51,0.88,0.91,0.7,0.88,0.88,0.8081,0.5696,0.7683,0.59,0.88,0.9,0.9580665581064464,0.5339711120639209,0.9318401159563121
498,0.49,0.88,0.92,0.68,0.87,0.88,0.8103,0.5529,0.7669,0.57,0.88,0.9,0.9579126678672256,0.5448668621377156,0.9319828379761382
499,0.5,0.88,0.91,0.68,0.87,0.88,0.8081,0.5576,0.7654,0.58,0.88,0.9,0.9581988029944878,0.537431808477777,0.931840675594638
