Model,Accuracy,Precision,Recall,F1 Score,ROC AUC Score,Confusion Matrix
1,0.8933239138113741,0.8916223182288399,0.8933239138113741,0.8883986219500607,0.9420575005900884,"[[1235, 1, 103], [6, 60, 86], [92, 14, 1234]]"
2,0.8965030024726245,0.8945005811466721,0.8965030024726245,0.8919145809108111,0.942775342217023,"[[1237, 2, 100], [6, 62, 84], [86, 15, 1239]]"
3,0.89579653832568,0.8946459276789226,0.89579653832568,0.8916033845831849,0.9424622268898032,"[[1233, 1, 105], [5, 65, 82], [88, 14, 1238]]"
4,0.8922642175909573,0.8899864746949475,0.8922642175909573,0.8866152639147511,0.9414519343335797,"[[1233, 2, 104], [6, 55, 91], [88, 14, 1238]]"
5,0.89579653832568,0.8943839396626363,0.89579653832568,0.8914299743940991,0.9409828626755378,"[[1236, 1, 102], [6, 64, 82], [90, 14, 1236]]"
6,0.8936771458848464,0.8921967755202391,0.8936771458848464,0.8883558881215396,0.9418527834423652,"[[1230, 1, 108], [5, 57, 90], [83, 14, 1243]]"
7,0.8940303779583186,0.8927357504181371,0.8940303779583186,0.8898264234450699,0.9417550118643448,"[[1233, 1, 105], [6, 65, 81], [93, 14, 1233]]"
8,0.8947368421052632,0.8932335431277734,0.8947368421052632,0.889967416953526,0.9418472510584924,"[[1234, 1, 104], [6, 61, 85], [88, 14, 1238]]"
9,0.8954433062522077,0.8940815974130385,0.8954433062522077,0.8909577226532032,0.941925943764922,"[[1234, 1, 104], [6, 63, 83], [88, 14, 1238]]"
10,0.8904980572235959,0.8882238960287044,0.8904980572235959,0.8850919784805833,0.9407893856842904,"[[1228, 3, 108], [6, 56, 90], [89, 14, 1237]]"
11,0.89579653832568,0.8946032753208707,0.89579653832568,0.8915925706625659,0.9417542522539224,"[[1233, 1, 105], [6, 65, 81], [88, 14, 1238]]"
12,0.8947368421052632,0.8933333963045474,0.8947368421052632,0.8902513129154757,0.9421356182414838,"[[1234, 1, 104], [6, 63, 83], [90, 14, 1236]]"
13,0.8926174496644296,0.8905139127740519,0.8926174496644296,0.8872862899707161,0.9413755940972393,"[[1233, 2, 104], [6, 57, 89], [89, 14, 1237]]"
14,0.8943836100317909,0.8928004874332413,0.8943836100317909,0.8899440579229252,0.9420203811237434,"[[1233, 1, 105], [6, 63, 83], [89, 15, 1236]]"
15,0.8950900741787354,0.8936591325845731,0.8950900741787354,0.890464007739618,0.9422190152769816,"[[1234, 1, 104], [6, 62, 84], [88, 14, 1238]]"
16,0.8954433062522077,0.8940216476080206,0.8954433062522077,0.8909483571534332,0.9418259453000316,"[[1235, 1, 103], [6, 63, 83], [89, 14, 1237]]"
17,0.897209466619569,0.8960205804106621,0.897209466619569,0.8931194319774323,0.9423714286943492,"[[1235, 1, 103], [6, 66, 80], [87, 14, 1239]]"
18,0.8961497703991522,0.894754940803827,0.8961497703991522,0.8921028227706481,0.9431753733543284,"[[1234, 1, 104], [6, 66, 80], [88, 15, 1237]]"
19,0.8947368421052632,0.893379940975641,0.8947368421052632,0.8903889256861313,0.941842285174106,"[[1234, 1, 104], [6, 64, 82], [91, 14, 1235]]"
20,0.8947368421052632,0.893284642282589,0.8947368421052632,0.8901108228499582,0.941941392639804,"[[1234, 1, 104], [6, 62, 84], [89, 14, 1237]]"
21,0.8936771458848464,0.8921170648297024,0.8936771458848464,0.888771219578223,0.9416734909382573,"[[1233, 1, 105], [6, 60, 86], [89, 14, 1237]]"
22,0.8943836100317909,0.8927926008314861,0.8943836100317909,0.8900711166727806,0.9428627786933028,"[[1234, 1, 104], [6, 64, 82], [91, 15, 1234]]"
23,0.8950900741787354,0.8938303242964769,0.8950900741787354,0.8906230541439284,0.9423147365790832,"[[1232, 1, 106], [6, 63, 83], [87, 14, 1239]]"
24,0.8947368421052632,0.8933184666662118,0.8947368421052632,0.8906985200012415,0.9436059991305608,"[[1233, 1, 105], [6, 66, 80], [91, 15, 1234]]"
25,0.8950900741787354,0.89342447490285,0.8950900741787354,0.8907588540257122,0.9422750370039664,"[[1236, 1, 102], [6, 64, 82], [91, 15, 1234]]"
26,0.8947368421052632,0.8932548773653343,0.8947368421052632,0.8905686542000565,0.94187078064827,"[[1234, 1, 104], [5, 65, 82], [91, 15, 1234]]"
27,0.8954433062522077,0.8940683932565374,0.8954433062522077,0.8910860853675208,0.9428922403332576,"[[1235, 1, 103], [6, 64, 82], [90, 14, 1236]]"
28,0.8940303779583186,0.8921036453353081,0.8940303779583186,0.8896090274109542,0.942165507047718,"[[1235, 1, 103], [6, 63, 83], [91, 16, 1233]]"
29,0.8943836100317909,0.8930070995163372,0.8943836100317909,0.890035671862097,0.9422535882456357,"[[1234, 1, 104], [6, 64, 82], [92, 14, 1234]]"
30,0.8947368421052632,0.8931259325064529,0.8947368421052632,0.8904141101354275,0.9424695027720954,"[[1234, 2, 103], [6, 64, 82], [91, 14, 1235]]"
31,0.8919109855174849,0.8900905342777342,0.8919109855174849,0.8867727491747752,0.9420342044445436,"[[1229, 2, 108], [6, 58, 88], [88, 14, 1238]]"
32,0.8919109855174849,0.89018487385206,0.8919109855174849,0.8877836097175797,0.9414931937683932,"[[1230, 2, 107], [7, 65, 80], [95, 15, 1230]]"
33,0.89579653832568,0.8940474581356154,0.89579653832568,0.8915108610077781,0.942381639129536,"[[1234, 2, 103], [6, 64, 82], [87, 15, 1238]]"
34,0.8954433062522077,0.8940948478793785,0.8954433062522077,0.8906947058784304,0.9411647273439806,"[[1233, 1, 105], [5, 61, 86], [85, 14, 1241]]"
35,0.8675379724478983,0.8643586501254048,0.8675379724478983,0.8577200382535785,0.9261800685411824,"[[1198, 2, 139], [33, 35, 84], [108, 9, 1223]]"
36,0.8915577534440127,0.8895226494341353,0.8915577534440127,0.8863909015504469,0.941796439660117,"[[1232, 2, 105], [6, 58, 88], [92, 14, 1234]]"
37,0.8965030024726245,0.8953136494489017,0.8965030024726245,0.8924233172860849,0.94236819347506,"[[1235, 1, 103], [5, 66, 81], [89, 14, 1237]]"
38,0.8961497703991522,0.8947581966154916,0.8961497703991522,0.8922210118007756,0.942841663601336,"[[1234, 2, 103], [6, 67, 79], [90, 14, 1236]]"
39,0.8965030024726245,0.8952145172141532,0.8965030024726245,0.8922819338196596,0.9419254298209436,"[[1236, 1, 102], [5, 65, 82], [89, 14, 1237]]"
40,0.8950900741787354,0.8937072788662364,0.8950900741787354,0.8906045247765811,0.941524112295916,"[[1234, 1, 104], [6, 63, 83], [89, 14, 1237]]"
41,0.8950900741787354,0.893749435322896,0.8950900741787354,0.8906153494318991,0.9422544101893348,"[[1234, 1, 104], [5, 63, 84], [89, 14, 1237]]"
42,0.8961497703991522,0.8946104947559336,0.8961497703991522,0.891952057777491,0.9427521019880944,"[[1235, 2, 102], [6, 65, 81], [89, 14, 1237]]"
43,0.8961497703991522,0.8946687043660808,0.8961497703991522,0.8919611285923895,0.9421884872491048,"[[1234, 2, 103], [6, 65, 81], [88, 14, 1238]]"
44,0.8947368421052632,0.8927707784973276,0.8947368421052632,0.8902952629723212,0.9426542225490604,"[[1235, 3, 101], [6, 63, 83], [91, 14, 1235]]"
45,0.8947368421052632,0.893366750923913,0.8947368421052632,0.8903251988988665,0.9436121634027496,"[[1230, 1, 108], [6, 63, 83], [85, 15, 1240]]"
46,0.8975626986930413,0.89614970110994,0.8975626986930413,0.8933758448523902,0.9443451220715336,"[[1235, 1, 103], [6, 65, 81], [84, 15, 1241]]"
47,0.8950900741787354,0.8937850075150635,0.8950900741787354,0.8904826598593101,0.9421560433896318,"[[1232, 1, 106], [6, 62, 84], [86, 14, 1240]]"
48,0.8950900741787354,0.8937850075150635,0.8950900741787354,0.8904826598593101,0.9421560433896318,"[[1232, 1, 106], [6, 62, 84], [86, 14, 1240]]"
49,0.8950900741787354,0.8938503579790078,0.8950900741787354,0.8904918485990199,0.9426536768273333,"[[1231, 1, 107], [6, 62, 84], [85, 14, 1241]]"
50,0.8936771458848464,0.8920554579533012,0.8936771458848464,0.888761579248495,0.9417070824633564,"[[1234, 1, 104], [6, 60, 86], [90, 14, 1236]]"
51,0.8965030024726245,0.8958228450016829,0.8965030024726245,0.8921062321917407,0.94222624288154,"[[1233, 1, 105], [5, 64, 83], [87, 12, 1241]]"
52,0.8933239138113741,0.8916085074672829,0.8933239138113741,0.8879731590173355,0.9423516684344874,"[[1233, 1, 105], [5, 57, 90], [87, 14, 1239]]"
53,0.8933239138113741,0.8911245739184397,0.8933239138113741,0.8881877648597272,0.9429968129606672,"[[1232, 3, 104], [6, 58, 88], [87, 14, 1239]]"
54,0.8947368421052632,0.8933713387409447,0.8947368421052632,0.8894901586437031,0.9417144885121972,"[[1234, 1, 104], [5, 58, 89], [86, 13, 1241]]"
55,0.8922642175909573,0.8905430416408713,0.8922642175909573,0.8870685439929542,0.9422412487012678,"[[1233, 1, 105], [5, 58, 89], [91, 14, 1235]]"
56,0.8936771458848464,0.8917087585892198,0.8936771458848464,0.8888630398926554,0.9435080283304988,"[[1233, 1, 105], [5, 60, 87], [87, 16, 1237]]"
57,0.8940303779583186,0.8923774351309606,0.8940303779583186,0.8888228346873878,0.941450614029221,"[[1233, 1, 105], [6, 58, 88], [86, 14, 1240]]"
58,0.8933239138113741,0.8916085074672829,0.8933239138113741,0.8879731590173355,0.9414233041095376,"[[1233, 1, 105], [5, 57, 90], [87, 14, 1239]]"
59,0.8922642175909573,0.8906070158749121,0.8922642175909573,0.8870785694855606,0.941634222196083,"[[1232, 1, 106], [5, 58, 89], [90, 14, 1236]]"
60,0.8912045213705404,0.8890581105879022,0.8912045213705404,0.8858847529474853,0.9423033424227472,"[[1233, 1, 105], [6, 57, 89], [92, 15, 1233]]"
61,0.8933239138113741,0.8916814952482635,0.8933239138113741,0.8884083925226629,0.942739074027684,"[[1234, 1, 104], [6, 60, 86], [91, 14, 1235]]"
62,0.8943836100317909,0.8926237269457254,0.8943836100317909,0.8891564341355099,0.9418363580128132,"[[1235, 1, 103], [6, 58, 88], [87, 14, 1239]]"
63,0.8940303779583186,0.8917274458384601,0.8940303779583186,0.8892257659870296,0.9419720936119684,"[[1234, 2, 103], [6, 60, 86], [87, 16, 1237]]"
64,0.8919109855174849,0.8899194070360367,0.8919109855174849,0.8862291375872219,0.9418143824771822,"[[1233, 1, 105], [6, 55, 91], [89, 14, 1237]]"
65,0.8919109855174849,0.8899370863442208,0.8919109855174849,0.8866112456491791,0.941630254255236,"[[1231, 1, 107], [6, 57, 89], [88, 15, 1237]]"
66,0.8912045213705404,0.889438252326657,0.8912045213705404,0.8860077182800283,0.9428129426273764,"[[1232, 1, 106], [6, 58, 88], [93, 14, 1233]]"
67,0.8912045213705404,0.8886971143841091,0.8912045213705404,0.885760771928482,0.9418177038630596,"[[1233, 2, 104], [6, 56, 90], [91, 15, 1234]]"
68,0.8915577534440127,0.8894134657692542,0.8915577534440127,0.8862390433942114,0.941884435913667,"[[1234, 1, 104], [5, 57, 90], [92, 15, 1233]]"
69,0.8940303779583186,0.8920271258074967,0.8940303779583186,0.8889852009975738,0.9421275301932616,"[[1235, 2, 102], [6, 59, 87], [89, 14, 1237]]"
70,0.8929706817379018,0.8913729995418705,0.8929706817379018,0.8879254265153379,0.9419887518746428,"[[1232, 1, 106], [6, 59, 87], [89, 14, 1237]]"
71,0.8922642175909573,0.8904995724949477,0.8922642175909573,0.8870572856390817,0.9419739287769712,"[[1233, 1, 105], [6, 58, 88], [91, 14, 1235]]"
72,0.8936771458848464,0.8920411823834613,0.8936771458848464,0.8886235700604824,0.9418124171456308,"[[1234, 1, 104], [5, 59, 88], [89, 14, 1237]]"
73,0.8929706817379018,0.8910076451269974,0.8929706817379018,0.8879462789238388,0.9417636682453852,"[[1234, 1, 104], [6, 59, 87], [90, 15, 1235]]"
74,0.8926174496644296,0.8906334494892173,0.8926174496644296,0.8875929684188234,0.9417069840745566,"[[1234, 1, 104], [6, 59, 87], [91, 15, 1234]]"
75,0.8922642175909573,0.8899598323006931,0.8922642175909573,0.8871309785991827,0.9419239503222848,"[[1234, 1, 104], [6, 58, 88], [90, 16, 1234]]"
76,0.8922642175909573,0.8905430416408713,0.8922642175909573,0.8870685439929542,0.9420104004661258,"[[1233, 1, 105], [5, 58, 89], [91, 14, 1235]]"
77,0.8919109855174849,0.8897451623203773,0.8919109855174849,0.8865811691466168,0.9414947661558564,"[[1234, 1, 104], [6, 57, 89], [91, 15, 1234]]"
78,0.8922642175909573,0.8907651494318224,0.8922642175909573,0.8877883653238987,0.942805234995476,"[[1234, 1, 104], [5, 63, 84], [97, 14, 1229]]"
79,0.8961497703991522,0.8946998562895991,0.8961497703991522,0.8917738322535851,0.9423026989233309,"[[1237, 1, 101], [6, 64, 82], [90, 14, 1236]]"
80,0.8950900741787354,0.8935986054832773,0.8950900741787354,0.8904545443142932,0.9418134383113714,"[[1235, 1, 103], [6, 62, 84], [89, 14, 1237]]"
81,0.89579653832568,0.8943987828622764,0.89579653832568,0.8917481337969854,0.9419699058361742,"[[1233, 2, 104], [6, 66, 80], [89, 14, 1237]]"
82,0.8950900741787354,0.8938125191778072,0.8950900741787354,0.8907514145382399,0.9429613071317484,"[[1233, 1, 105], [6, 64, 82], [89, 14, 1237]]"
83,0.8950900741787354,0.8934823657311854,0.8950900741787354,0.8904353426148787,0.9427177371025852,"[[1237, 1, 101], [6, 62, 84], [91, 14, 1235]]"
84,0.8936771458848464,0.8921054962850433,0.8936771458848464,0.8886334811612525,0.9429247847204176,"[[1233, 1, 105], [5, 59, 88], [88, 14, 1238]]"
85,0.8919109855174849,0.8901253040591321,0.8919109855174849,0.8867041344791597,0.9420578917008448,"[[1233, 1, 105], [6, 58, 88], [92, 14, 1234]]"
86,0.8940303779583186,0.8922485184907963,0.8940303779583186,0.8888032919794662,0.9418267006326804,"[[1235, 1, 103], [6, 58, 88], [88, 14, 1238]]"
87,0.8919109855174849,0.8901231267741624,0.8919109855174849,0.8865588509746133,0.9415219208534584,"[[1232, 1, 106], [6, 57, 89], [90, 14, 1236]]"
88,0.8915577534440127,0.8894763124055421,0.8915577534440127,0.8862494095726933,0.9421627136613618,"[[1233, 1, 105], [5, 57, 90], [91, 15, 1234]]"
89,0.8929706817379018,0.8913137554966648,0.8929706817379018,0.887773287691269,0.9424103246590834,"[[1232, 1, 106], [6, 58, 88], [88, 14, 1238]]"
90,0.8933239138113741,0.891475729402187,0.8933239138113741,0.8878048251364231,0.9413044137728872,"[[1234, 1, 104], [5, 56, 91], [87, 14, 1239]]"
91,0.8933239138113741,0.8912718544977267,0.8933239138113741,0.8881371589282817,0.9412741980225048,"[[1234, 2, 103], [6, 58, 88], [89, 14, 1237]]"
92,0.8915577534440127,0.8896162699537074,0.8915577534440127,0.8860375098426058,0.9416632719475224,"[[1233, 1, 105], [6, 56, 90], [91, 14, 1235]]"
93,0.8904980572235959,0.8885986462195432,0.8904980572235959,0.8849995762149128,0.9413301580273232,"[[1232, 1, 106], [5, 56, 91], [93, 14, 1233]]"
94,0.8922642175909573,0.890480659240484,0.8922642175909573,0.8870584249258859,0.9422417125341808,"[[1234, 1, 104], [5, 58, 89], [92, 14, 1234]]"
95,0.8897915930766513,0.8871145061412661,0.8897915930766513,0.8841884591239458,0.9407865629646274,"[[1233, 2, 104], [6, 55, 91], [94, 15, 1231]]"
96,0.8915577534440127,0.8896089789427473,0.8915577534440127,0.8858861230742696,0.9415144836379792,"[[1232, 1, 106], [6, 55, 91], [89, 14, 1237]]"
97,0.8908512892970681,0.888653186527651,0.8908512892970681,0.8849949399254888,0.9408935244232044,"[[1234, 1, 104], [6, 54, 92], [92, 14, 1234]]"
98,0.8922642175909573,0.8902301947065155,0.8922642175909573,0.886572118921504,0.941760439137202,"[[1234, 1, 104], [6, 55, 91], [89, 14, 1237]]"
99,0.8915577534440127,0.8898741430798379,0.8915577534440127,0.8865128901553049,0.9430052407863596,"[[1232, 1, 106], [6, 59, 87], [93, 14, 1233]]"
100,0.8926174496644296,0.890921465739561,0.8926174496644296,0.8872768081977735,0.9420854619536256,"[[1232, 1, 106], [5, 57, 90], [88, 14, 1238]]"
101,0.8912045213705404,0.8894361994556355,0.8912045213705404,0.885862530114662,0.9422041604015612,"[[1231, 1, 107], [6, 57, 89], [91, 14, 1235]]"
102,0.8922642175909573,0.890302893003639,0.8922642175909573,0.886733688251199,0.941636803527076,"[[1234, 1, 104], [6, 56, 90], [90, 14, 1236]]"
103,0.8947368421052632,0.8932673436811989,0.8947368421052632,0.8904447206620486,0.9435266036469904,"[[1233, 1, 105], [5, 64, 83], [89, 15, 1236]]"
104,0.8926174496644296,0.8904363396692896,0.8926174496644296,0.8877705995165928,0.942551051198158,"[[1234, 2, 103], [6, 60, 86], [92, 15, 1233]]"
105,0.8950900741787354,0.8936481665131625,0.8950900741787354,0.8905951223264109,0.9433146540058248,"[[1235, 1, 103], [6, 63, 83], [90, 14, 1236]]"
106,0.8954433062522077,0.8935573205282885,0.8954433062522077,0.8910123004576408,0.9438773041067998,"[[1235, 2, 102], [6, 63, 83], [88, 15, 1237]]"
107,0.8954433062522077,0.8940956158424472,0.8954433062522077,0.8912217098461243,0.9436263747787536,"[[1236, 1, 102], [5, 65, 82], [92, 14, 1234]]"
108,0.8947368421052632,0.893323079097003,0.8947368421052632,0.8903795461736859,0.9430109632256156,"[[1235, 1, 103], [6, 64, 82], [92, 14, 1234]]"
109,0.8943836100317909,0.8930189935640706,0.8943836100317909,0.88990747165476,0.9431592412578436,"[[1233, 1, 105], [6, 63, 83], [90, 14, 1236]]"
110,0.8929706817379018,0.8911764144570801,0.8929706817379018,0.8885764170693066,0.9431628180879338,"[[1231, 2, 106], [6, 63, 83], [91, 15, 1234]]"
111,0.8933239138113741,0.8915654873575016,0.8933239138113741,0.8887350962041629,0.9426437426141178,"[[1234, 1, 104], [6, 62, 84], [92, 15, 1233]]"
112,0.8929706817379018,0.8908097602753353,0.8929706817379018,0.8881239510912421,0.9427545363469982,"[[1234, 2, 103], [6, 60, 86], [91, 15, 1234]]"
113,0.8936771458848464,0.891824512650533,0.8936771458848464,0.8890689162753344,0.943993984667676,"[[1236, 1, 102], [6, 62, 84], [93, 15, 1232]]"
114,0.8929706817379018,0.8908150502756905,0.8929706817379018,0.8883899396293659,0.9433994162623072,"[[1237, 1, 101], [6, 62, 84], [95, 16, 1229]]"
115,0.8936771458848464,0.8920522637370006,0.8936771458848464,0.8888981864167586,0.9431926622830974,"[[1235, 1, 103], [6, 61, 85], [92, 14, 1234]]"
116,0.8936771458848464,0.8916057414417946,0.8936771458848464,0.8889758708258751,0.9424766460433964,"[[1235, 1, 103], [6, 61, 85], [90, 16, 1234]]"
117,0.8954433062522077,0.893836921762954,0.8954433062522077,0.890789235429229,0.9435650559454604,"[[1238, 1, 100], [5, 62, 85], [91, 14, 1235]]"
118,0.8933239138113741,0.8912612565752245,0.8933239138113741,0.8882795963267911,0.9430473921370311,"[[1236, 1, 102], [6, 59, 87], [91, 15, 1234]]"
119,0.8933239138113741,0.8913209667607115,0.8933239138113741,0.8882896320868535,0.9425682435714592,"[[1235, 1, 103], [6, 59, 87], [90, 15, 1235]]"
120,0.8929706817379018,0.8909471701667654,0.8929706817379018,0.8879362983369266,0.942509769457809,"[[1235, 1, 103], [6, 59, 87], [91, 15, 1234]]"
121,0.8933239138113741,0.8914994075240822,0.8933239138113741,0.8880969668774229,0.9429498827254396,"[[1235, 1, 103], [6, 58, 88], [90, 14, 1236]]"
122,0.8926174496644296,0.8906401746898666,0.8926174496644296,0.8877310887059092,0.9426324389021442,"[[1235, 1, 103], [6, 60, 86], [93, 15, 1232]]"
123,0.8940303779583186,0.8923541384845239,0.8940303779583186,0.8894526499428429,0.9431830947362162,"[[1234, 1, 104], [5, 62, 85], [90, 15, 1235]]"
124,0.8933239138113741,0.8914994075240822,0.8933239138113741,0.8880969668774229,0.9431676898612944,"[[1235, 1, 103], [6, 58, 88], [90, 14, 1236]]"
125,0.8950900741787354,0.8936405322347182,0.8950900741787354,0.8904653788817269,0.9429130462032824,"[[1235, 1, 103], [5, 62, 85], [89, 14, 1237]]"
126,0.8922642175909573,0.8899980463078787,0.8922642175909573,0.8869140099904859,0.942353927099106,"[[1236, 1, 102], [6, 57, 89], [92, 15, 1233]]"
127,0.8936771458848464,0.8920925939327642,0.8936771458848464,0.8889088029224532,0.9424364471909548,"[[1235, 1, 103], [5, 61, 86], [92, 14, 1234]]"
128,0.8940303779583186,0.8925369662232545,0.8940303779583186,0.8891357224793462,0.9424857222573896,"[[1233, 1, 105], [5, 60, 87], [88, 14, 1238]]"
129,0.8936771458848464,0.8920554579533012,0.8936771458848464,0.888761579248495,0.9430078068395884,"[[1234, 1, 104], [6, 60, 86], [90, 14, 1236]]"
130,0.8947368421052632,0.8928830178014809,0.8947368421052632,0.8899866935154016,0.9430064575074786,"[[1236, 1, 102], [6, 61, 85], [89, 15, 1236]]"
131,0.8929706817379018,0.891072004550703,0.8929706817379018,0.8880943862628573,0.9426420693934128,"[[1234, 1, 104], [6, 60, 86], [91, 15, 1234]]"
132,0.8950900741787354,0.893531206811894,0.8950900741787354,0.8909022536672838,0.9433956114879788,"[[1235, 1, 103], [6, 65, 81], [91, 15, 1234]]"
133,0.8929706817379018,0.8909895160535706,0.8929706817379018,0.8874298666597921,0.9412419643850632,"[[1235, 1, 103], [6, 56, 90], [89, 14, 1237]]"
134,0.8950900741787354,0.8933151720128762,0.8950900741787354,0.8904825321195042,0.9425848309453088,"[[1236, 1, 102], [6, 62, 84], [89, 15, 1236]]"
135,0.8922642175909573,0.8900029978096028,0.8922642175909573,0.8871422728578081,0.9422866102156956,"[[1234, 1, 104], [5, 58, 89], [90, 16, 1234]]"
136,0.8929706817379018,0.8912915374438874,0.8929706817379018,0.8884021459269573,0.9419659983952724,"[[1233, 1, 105], [5, 62, 85], [92, 15, 1233]]"
137,0.8950900741787354,0.8936302080345943,0.8950900741787354,0.8905960309338308,0.9431113075790812,"[[1236, 1, 102], [5, 63, 84], [91, 14, 1235]]"
138,0.89579653832568,0.894259322882015,0.89579653832568,0.8916099567559886,0.942641230338618,"[[1236, 1, 102], [5, 65, 82], [90, 15, 1235]]"
139,0.8940303779583186,0.8923727656095647,0.8940303779583186,0.8894514065832995,0.9430828194382438,"[[1233, 1, 105], [6, 62, 84], [89, 15, 1236]]"
140,0.8933239138113741,0.8916040669386941,0.8933239138113741,0.8882602603797246,0.941704372188036,"[[1235, 1, 103], [5, 59, 88], [91, 14, 1235]]"
141,0.8954433062522077,0.8939129360271486,0.8954433062522077,0.8907982339976454,0.9435530680952184,"[[1236, 1, 102], [6, 62, 84], [89, 14, 1237]]"
142,0.8936771458848464,0.8922139920839762,0.8936771458848464,0.8889284764750524,0.9429402076231008,"[[1233, 1, 105], [5, 61, 86], [90, 14, 1236]]"
143,0.8947368421052632,0.8929432429468247,0.8947368421052632,0.8899964594479473,0.9429949985734236,"[[1235, 1, 103], [6, 61, 85], [88, 15, 1237]]"
144,0.8929706817379018,0.890915141001532,0.8929706817379018,0.8876525896231567,0.9415877203493558,"[[1234, 1, 104], [5, 57, 90], [88, 15, 1237]]"
145,0.8950900741787354,0.8932969467511388,0.8950900741787354,0.8904833080835519,0.9429888624123204,"[[1237, 1, 101], [5, 62, 85], [90, 15, 1235]]"
146,0.8943836100317909,0.8924659759607425,0.8943836100317909,0.8894868796556326,0.9417203130069162,"[[1235, 2, 102], [6, 60, 86], [89, 14, 1237]]"
147,0.8926174496644296,0.8904074031776722,0.8926174496644296,0.8876343607042637,0.9417575363620556,"[[1234, 2, 103], [5, 59, 88], [91, 15, 1234]]"
148,0.8954433062522077,0.8938602245635281,0.8954433062522077,0.8906546521643933,0.942266166734231,"[[1236, 1, 102], [6, 61, 85], [88, 14, 1238]]"
149,0.89579653832568,0.8945437124553542,0.89579653832568,0.8915834560666961,0.9448484730596066,"[[1234, 1, 104], [6, 65, 81], [89, 14, 1237]]"
150,0.8950900741787354,0.8935467007044524,0.8950900741787354,0.8903110505553712,0.943014874944291,"[[1235, 1, 103], [6, 61, 85], [88, 14, 1238]]"
151,0.8950900741787354,0.8933562913543067,0.8950900741787354,0.8904932786408302,0.9422092772302554,"[[1236, 1, 102], [5, 62, 85], [89, 15, 1236]]"
152,0.8940303779583186,0.8923097691819026,0.8940303779583186,0.8890952682577906,0.943561242004474,"[[1236, 1, 102], [6, 60, 86], [91, 14, 1235]]"
153,0.8947368421052632,0.8933153036591167,0.8947368421052632,0.8902523772297759,0.9434354308407648,"[[1235, 1, 103], [5, 63, 84], [91, 14, 1235]]"
154,0.8950900741787354,0.8935280624733858,0.8950900741787354,0.8903122789430893,0.9434194350219344,"[[1236, 1, 102], [5, 61, 86], [89, 14, 1237]]"
155,0.8947368421052632,0.8930947706216229,0.8947368421052632,0.8899489820319255,0.9430300237638894,"[[1237, 1, 101], [5, 61, 86], [91, 14, 1235]]"
156,0.8950900741787354,0.8934823657311854,0.8950900741787354,0.8904353426148787,0.9433802762796604,"[[1237, 1, 101], [6, 62, 84], [91, 14, 1235]]"
157,0.8947368421052632,0.8930406564451476,0.8947368421052632,0.8896634171719138,0.9424207294274276,"[[1236, 1, 102], [5, 59, 88], [88, 14, 1238]]"
158,0.89579653832568,0.8943285842769895,0.89579653832568,0.8911623081347996,0.942228051157678,"[[1236, 1, 102], [5, 62, 85], [88, 14, 1238]]"
159,0.8954433062522077,0.8936480348669216,0.8954433062522077,0.8908252772161391,0.9424193354842472,"[[1236, 2, 101], [6, 62, 84], [89, 14, 1237]]"
160,0.8936771458848464,0.8917268785814843,0.8936771458848464,0.8882856566913637,0.9417659232433409,"[[1237, 1, 101], [5, 57, 90], [90, 14, 1236]]"
161,0.8936771458848464,0.8917938356036729,0.8936771458848464,0.8884410092201481,0.942366627809813,"[[1237, 1, 101], [5, 58, 89], [91, 14, 1235]]"
162,0.8947368421052632,0.8929786356161986,0.8947368421052632,0.8896533401574181,0.9413059348270636,"[[1237, 1, 101], [5, 59, 88], [89, 14, 1237]]"
163,0.8929706817379018,0.891167710972959,0.8929706817379018,0.8877548411250173,0.9417395825450008,"[[1235, 1, 103], [5, 58, 89], [91, 14, 1235]]"
164,0.8943836100317909,0.8927430094764004,0.8943836100317909,0.8894582518801094,0.9425434679272556,"[[1235, 1, 103], [6, 60, 86], [89, 14, 1237]]"
165,0.8961497703991522,0.8943362529023192,0.8961497703991522,0.8915223127595001,0.9430320673175924,"[[1237, 2, 100], [6, 62, 84], [88, 14, 1238]]"
166,0.8947368421052632,0.893277177233644,0.8947368421052632,0.8899785730934626,0.9419371356436635,"[[1234, 1, 104], [5, 61, 86], [88, 14, 1238]]"
167,0.8950900741787354,0.8933887568620086,0.8950900741787354,0.8906212258422586,0.9437102906471144,"[[1235, 2, 102], [6, 63, 83], [90, 14, 1236]]"
168,0.8940303779583186,0.8923724146986838,0.8940303779583186,0.8889654487014739,0.9422960506515806,"[[1234, 1, 104], [6, 59, 87], [88, 14, 1238]]"
169,0.8940303779583186,0.8923505375838888,0.8940303779583186,0.8891060041128691,0.9417628487461284,"[[1236, 1, 102], [5, 60, 87], [91, 14, 1235]]"
170,0.8954433062522077,0.8941701753832111,0.8954433062522077,0.8912302182060086,0.9430987070905056,"[[1234, 1, 104], [6, 65, 81], [90, 14, 1236]]"
171,0.8947368421052632,0.8927351484772993,0.8947368421052632,0.8895530809866568,0.9424880041442096,"[[1236, 1, 102], [5, 58, 89], [86, 15, 1239]]"
172,0.8943836100317909,0.8926828824728489,0.8943836100317909,0.8895851744118827,0.9429766017012144,"[[1237, 1, 101], [6, 61, 85], [92, 14, 1234]]"
173,0.8947368421052632,0.8931490340562186,0.8947368421052632,0.8900923491522317,0.9423481001599447,"[[1237, 1, 101], [5, 62, 85], [92, 14, 1234]]"
174,0.8943836100317909,0.8925400666712937,0.8943836100317909,0.8890025025281304,0.940649068589289,"[[1236, 1, 102], [5, 57, 90], [87, 14, 1239]]"
175,0.8950900741787354,0.8935730022070627,0.8950900741787354,0.8905862338937746,0.9429402259564174,"[[1237, 1, 101], [5, 63, 84], [92, 14, 1234]]"
176,0.8940303779583186,0.8925869341386844,0.8940303779583186,0.8895448460924594,0.9424870636450624,"[[1234, 1, 104], [6, 63, 83], [92, 14, 1234]]"
177,0.8954433062522077,0.894155771807284,0.8954433062522077,0.8913530621036383,0.9431006180332174,"[[1235, 1, 103], [6, 66, 80], [92, 14, 1234]]"
178,0.8950900741787354,0.8936955195894867,0.8950900741787354,0.890732823128098,0.9427544019026756,"[[1235, 1, 103], [6, 64, 82], [91, 14, 1235]]"
179,0.8936771458848464,0.8918808243767393,0.8936771458848464,0.8890787351624826,0.9428013688045368,"[[1235, 1, 103], [6, 62, 84], [92, 15, 1233]]"
180,0.8929706817379018,0.891072004550703,0.8929706817379018,0.8880943862628573,0.9424575152274084,"[[1234, 1, 104], [6, 60, 86], [91, 15, 1234]]"
181,0.8943836100317909,0.8926269539774785,0.8943836100317909,0.889785496576143,0.9425862847773242,"[[1235, 1, 103], [6, 62, 84], [90, 15, 1235]]"
182,0.8950900741787354,0.8933709715931406,0.8950900741787354,0.89062212140619,0.9433088093444572,"[[1236, 1, 102], [6, 63, 83], [90, 15, 1235]]"
183,0.8940303779583186,0.8922536728552288,0.8940303779583186,0.8894321232421806,0.942861266194674,"[[1235, 1, 103], [6, 62, 84], [91, 15, 1234]]"
184,0.8933239138113741,0.8915084072998677,0.8933239138113741,0.8887253320500738,0.9427923903682328,"[[1235, 1, 103], [6, 62, 84], [93, 15, 1232]]"
185,0.8940303779583186,0.8925869341386844,0.8940303779583186,0.8895448460924594,0.9429747873139706,"[[1234, 1, 104], [6, 63, 83], [92, 14, 1234]]"
186,0.8947368421052632,0.893000668988608,0.8947368421052632,0.8901388554513363,0.9431233198737456,"[[1235, 1, 103], [6, 62, 84], [89, 15, 1236]]"
187,0.8947368421052632,0.893172440107687,0.8947368421052632,0.8899578557535954,0.942558361913752,"[[1235, 1, 103], [6, 61, 85], [89, 14, 1237]]"
188,0.8936771458848464,0.8916470614314211,0.8936771458848464,0.8889867327007759,0.9425398379305472,"[[1235, 1, 103], [5, 61, 86], [90, 16, 1234]]"
189,0.8940303779583186,0.892254146726453,0.8940303779583186,0.8895618479151308,0.9428058201338342,"[[1236, 1, 102], [6, 63, 83], [93, 15, 1232]]"
190,0.8950900741787354,0.8936481665131625,0.8950900741787354,0.8905951223264109,0.9429260255804036,"[[1235, 1, 103], [6, 63, 83], [90, 14, 1236]]"
191,0.89579653832568,0.8941699745441234,0.89579653832568,0.8914656844915266,0.9427678096682972,"[[1236, 1, 102], [6, 64, 82], [89, 15, 1236]]"
192,0.8933239138113741,0.8917346653601639,0.8933239138113741,0.8886882892891411,0.9434142662488432,"[[1235, 1, 103], [6, 62, 84], [94, 14, 1232]]"
193,0.8954433062522077,0.8941269262037943,0.8954433062522077,0.8910953897691017,0.9433523919160536,"[[1234, 1, 104], [6, 64, 82], [89, 14, 1237]]"
194,0.8943836100317909,0.8928588815949231,0.8943836100317909,0.8896142450814818,0.9429051054327044,"[[1234, 1, 104], [6, 61, 85], [89, 14, 1237]]"
195,0.8940303779583186,0.8921794613463536,0.8940303779583186,0.889743984360314,0.9426872652968796,"[[1234, 2, 103], [6, 64, 82], [92, 15, 1233]]"
196,0.8943836100317909,0.8927820319337169,0.8943836100317909,0.889945288146912,0.9432160543729996,"[[1234, 1, 104], [5, 63, 84], [90, 15, 1235]]"
197,0.89579653832568,0.89405939166629,0.89579653832568,0.8913192726721909,0.9432121560987562,"[[1237, 1, 101], [6, 63, 83], [89, 15, 1236]]"
198,0.8947368421052632,0.8932751196364116,0.8947368421052632,0.8902418731304768,0.9437541903850896,"[[1235, 1, 103], [6, 63, 83], [91, 14, 1235]]"
199,0.89579653832568,0.894286623199013,0.89579653832568,0.8911514645938398,0.943078626608712,"[[1236, 1, 102], [6, 62, 84], [88, 14, 1238]]"
200,0.8940303779583186,0.8921950336823548,0.8940303779583186,0.8892897820202117,0.9426742131976024,"[[1235, 1, 103], [6, 61, 85], [90, 15, 1235]]"
201,0.8947368421052632,0.893172440107687,0.8947368421052632,0.8899578557535954,0.9426465329449212,"[[1235, 1, 103], [6, 61, 85], [89, 14, 1237]]"
202,0.8943836100317909,0.89285173235135,0.8943836100317909,0.8897480863807762,0.9430925089016808,"[[1235, 1, 103], [6, 62, 84], [91, 14, 1235]]"
203,0.8950900741787354,0.8933709715931406,0.8950900741787354,0.89062212140619,0.942935041905562,"[[1236, 1, 102], [6, 63, 83], [90, 15, 1235]]"
204,0.8947368421052632,0.8928830178014809,0.8947368421052632,0.8899866935154016,0.9427452059110134,"[[1236, 1, 102], [6, 61, 85], [89, 15, 1236]]"
205,0.8954433062522077,0.8938031797613946,0.8954433062522077,0.8909850862756084,0.9432020367190422,"[[1235, 1, 103], [6, 63, 83], [88, 15, 1237]]"
206,0.8968562345460968,0.8953981502149668,0.8968562345460968,0.8923424456293483,0.9438055817273836,"[[1237, 1, 101], [6, 63, 83], [87, 14, 1239]]"
207,0.8950900741787354,0.8933118750641715,0.8950900741787354,0.8901352965587637,0.9422067967325044,"[[1238, 1, 100], [6, 60, 86], [90, 14, 1236]]"
208,0.89579653832568,0.8944417013422464,0.89579653832568,0.8914393331789404,0.9428956497190556,"[[1235, 1, 103], [6, 64, 82], [89, 14, 1237]]"
209,0.8950900741787354,0.8936481665131625,0.8950900741787354,0.8905951223264109,0.94253583698973,"[[1235, 1, 103], [6, 63, 83], [90, 14, 1236]]"
210,0.8933239138113741,0.891448559181068,0.8933239138113741,0.8885830469940622,0.9426121200872334,"[[1235, 1, 103], [6, 61, 85], [92, 15, 1233]]"
211,0.8940303779583186,0.8922536728552288,0.8940303779583186,0.8894321232421806,0.9423802182974907,"[[1235, 1, 103], [6, 62, 84], [91, 15, 1234]]"
212,0.8954433062522077,0.8937494056729509,0.8954433062522077,0.890845530973233,0.943046087415992,"[[1235, 1, 103], [6, 62, 84], [87, 15, 1238]]"
213,0.8947368421052632,0.893158879170541,0.8947368421052632,0.8905488261015864,0.9430149024442664,"[[1235, 1, 103], [6, 65, 81], [92, 15, 1233]]"
214,0.8968562345460968,0.8954903703349072,0.8968562345460968,0.8926155257812202,0.9434523243810036,"[[1237, 1, 101], [6, 65, 81], [89, 14, 1237]]"
215,0.89579653832568,0.8941176873134162,0.89579653832568,0.8913288968431718,0.9425540621398726,"[[1236, 1, 102], [6, 63, 83], [88, 15, 1237]]"
216,0.8940303779583186,0.8924252228705385,0.8940303779583186,0.889251423970917,0.9431803355720512,"[[1235, 1, 103], [6, 61, 85], [91, 14, 1235]]"
217,0.8950900741787354,0.8934292020936719,0.8950900741787354,0.8906317285570434,0.9433067260685682,"[[1235, 1, 103], [6, 63, 83], [89, 15, 1236]]"
218,0.8947368421052632,0.893323079097003,0.8947368421052632,0.8903795461736859,0.9428409033798032,"[[1235, 1, 103], [6, 64, 82], [92, 14, 1234]]"
219,0.8933239138113741,0.8915474927017726,0.8933239138113741,0.8887357416998355,0.9429061443206512,"[[1235, 1, 103], [5, 62, 85], [93, 15, 1232]]"
220,0.8954433062522077,0.8941130603765222,0.8954433062522077,0.8912209746131451,0.9433802463352432,"[[1235, 1, 103], [6, 65, 81], [91, 14, 1235]]"
221,0.8947368421052632,0.8932249519080225,0.8947368421052632,0.8901013225024554,0.9433029017387023,"[[1235, 1, 103], [6, 62, 84], [90, 14, 1236]]"
222,0.8954433062522077,0.8940683932565374,0.8954433062522077,0.8910860853675208,0.94347145336366,"[[1235, 1, 103], [6, 64, 82], [90, 14, 1236]]"
223,0.8950900741787354,0.8935986054832773,0.8950900741787354,0.8904545443142932,0.9436320611624868,"[[1235, 1, 103], [6, 62, 84], [89, 14, 1237]]"
224,0.89579653832568,0.8944417013422464,0.89579653832568,0.8914393331789404,0.9439428750473488,"[[1235, 1, 103], [6, 64, 82], [89, 14, 1237]]"
225,0.8947368421052632,0.8932249519080225,0.8947368421052632,0.8901013225024554,0.9428327468871984,"[[1235, 1, 103], [6, 62, 84], [90, 14, 1236]]"
226,0.8940303779583186,0.8923124176851348,0.8940303779583186,0.8894418112133787,0.942787106095246,"[[1234, 1, 104], [6, 62, 84], [90, 15, 1235]]"
227,0.89579653832568,0.8941877539088571,0.89579653832568,0.8914646548097537,0.9434037423139404,"[[1235, 2, 102], [6, 64, 82], [89, 14, 1237]]"
228,0.8929706817379018,0.8913079654374865,0.8929706817379018,0.8880551914161081,0.9428045856905088,"[[1234, 1, 104], [6, 60, 86], [92, 14, 1234]]"
229,0.8947368421052632,0.8931129402064956,0.8947368421052632,0.8899482028227348,0.9430963799815044,"[[1236, 1, 102], [6, 61, 85], [90, 14, 1236]]"
230,0.8943836100317909,0.8929025057333444,0.8943836100317909,0.8898886092787625,0.9435169212113248,"[[1235, 1, 103], [6, 63, 83], [92, 14, 1234]]"
231,0.8922642175909573,0.8906200161077701,0.8922642175909573,0.8874949126184535,0.9420579809229862,"[[1234, 1, 104], [6, 61, 85], [95, 14, 1231]]"
232,0.8943836100317909,0.8926269539774785,0.8943836100317909,0.889785496576143,0.942320510962737,"[[1235, 1, 103], [6, 62, 84], [90, 15, 1235]]"
233,0.8943836100317909,0.8926269539774785,0.8943836100317909,0.889785496576143,0.9426889611286752,"[[1235, 1, 103], [6, 62, 84], [90, 15, 1235]]"
234,0.8940303779583186,0.892484655651846,0.8940303779583186,0.8892610593427976,0.943229673888429,"[[1234, 1, 104], [6, 61, 85], [90, 14, 1236]]"
235,0.8943836100317909,0.892682551519991,0.8943836100317909,0.8899249701401888,0.9428622464160078,"[[1235, 1, 103], [6, 63, 83], [91, 15, 1234]]"
236,0.8929706817379018,0.8910759693548544,0.8929706817379018,0.8882296571644571,0.9426717834220276,"[[1235, 1, 103], [6, 61, 85], [93, 15, 1232]]"
237,0.8929706817379018,0.8912496184067288,0.8929706817379018,0.8880453828258076,0.94188202569363,"[[1235, 1, 103], [6, 60, 86], [93, 14, 1233]]"
238,0.8936771458848464,0.8918215802094112,0.8936771458848464,0.8889364218503615,0.9425055931282622,"[[1235, 1, 103], [6, 61, 85], [91, 15, 1234]]"
239,0.8961497703991522,0.8947033776250749,0.8961497703991522,0.8915156351290645,0.9426347770111356,"[[1236, 1, 102], [5, 62, 85], [87, 14, 1239]]"
240,0.8940303779583186,0.8923097691819026,0.8940303779583186,0.8890952682577906,0.9423905967880812,"[[1236, 1, 102], [6, 60, 86], [91, 14, 1235]]"
241,0.8933239138113741,0.8913861297858197,0.8933239138113741,0.8884378268244901,0.9419727090002996,"[[1235, 1, 103], [6, 60, 86], [91, 15, 1234]]"
242,0.8947368421052632,0.8931668646833391,0.8947368421052632,0.8900917301564348,0.9427632770612954,"[[1236, 1, 102], [6, 62, 84], [91, 14, 1235]]"
243,0.8943836100317909,0.8923123193069697,0.8943836100317909,0.8896719747977034,0.9421888869154093,"[[1235, 2, 102], [6, 61, 85], [89, 15, 1236]]"
244,0.8940303779583186,0.8921364782959011,0.8940303779583186,0.8892799414879917,0.9425850497228884,"[[1236, 1, 102], [6, 61, 85], [91, 15, 1234]]"
245,0.8943836100317909,0.8927407168739274,0.8943836100317909,0.8899345602709147,0.942359596677299,"[[1234, 1, 104], [6, 63, 83], [90, 15, 1235]]"
246,0.8940303779583186,0.892002915125462,0.8940303779583186,0.8894601106149267,0.941935271145354,"[[1235, 2, 102], [6, 62, 84], [91, 15, 1234]]"
247,0.89579653832568,0.8940772091429051,0.89579653832568,0.8913183855236481,0.9429811214748942,"[[1236, 2, 101], [6, 63, 83], [89, 14, 1237]]"
248,0.8943836100317909,0.8929025057333444,0.8943836100317909,0.8898886092787625,0.9425949212972714,"[[1235, 1, 103], [6, 63, 83], [92, 14, 1234]]"
249,0.8950900741787354,0.8934812876878047,0.8950900741787354,0.8907684005821537,0.9430816607726276,"[[1235, 1, 103], [6, 64, 82], [90, 15, 1235]]"
250,0.8943836100317909,0.8927869835354639,0.8943836100317909,0.8901953833248382,0.942978868921381,"[[1235, 1, 103], [6, 65, 81], [93, 15, 1232]]"
251,0.8943836100317909,0.892682551519991,0.8943836100317909,0.8899249701401888,0.942584560223332,"[[1235, 1, 103], [6, 63, 83], [91, 15, 1234]]"
252,0.8947368421052632,0.8931174413040321,0.8947368421052632,0.8898114336642695,0.9424692784945208,"[[1235, 1, 103], [6, 60, 86], [88, 14, 1238]]"
253,0.8954433062522077,0.893865008630267,0.8954433062522077,0.8912454958561546,0.9436301936086244,"[[1235, 2, 102], [6, 65, 81], [91, 14, 1235]]"
254,0.8936771458848464,0.8921065903177147,0.8936771458848464,0.8890415700608838,0.9423467807722522,"[[1235, 1, 103], [6, 62, 84], [93, 14, 1233]]"
255,0.8947368421052632,0.8932249519080225,0.8947368421052632,0.8901013225024554,0.9421527440037344,"[[1235, 1, 103], [6, 62, 84], [90, 14, 1236]]"
256,0.8940303779583186,0.8924789455685062,0.8940303779583186,0.8893948356625055,0.9421458824544,"[[1235, 1, 103], [6, 62, 84], [92, 14, 1234]]"
257,0.8947368421052632,0.8933333963045474,0.8947368421052632,0.8902513129154757,0.9433119376193988,"[[1234, 1, 104], [6, 63, 83], [90, 14, 1236]]"
258,0.8943836100317909,0.8929599484777649,0.8943836100317909,0.8898980867830499,0.9430331868721328,"[[1234, 1, 104], [6, 63, 83], [91, 14, 1235]]"
259,0.8936771458848464,0.8920472272355275,0.8936771458848464,0.8893643191294385,0.9425182370056872,"[[1234, 1, 104], [6, 64, 82], [93, 15, 1232]]"
260,0.8940303779583186,0.8925869341386844,0.8940303779583186,0.8895448460924594,0.9426105153109106,"[[1234, 1, 104], [6, 63, 83], [92, 14, 1234]]"
261,0.8940303779583186,0.8924196978767227,0.8940303779583186,0.8897177254280121,0.9432401474067108,"[[1234, 1, 104], [6, 64, 82], [92, 15, 1233]]"
262,0.8933239138113741,0.891448559181068,0.8933239138113741,0.8885830469940622,0.9426423291153996,"[[1235, 1, 103], [6, 61, 85], [92, 15, 1233]]"
263,0.8940303779583186,0.8922521235724473,0.8940303779583186,0.8890853880565412,0.9417982571029136,"[[1237, 1, 101], [6, 60, 86], [92, 14, 1234]]"
264,0.8943836100317909,0.8929510705379745,0.8943836100317909,0.8900262542172879,0.943226570363465,"[[1235, 1, 103], [6, 64, 82], [93, 14, 1233]]"
265,0.89579653832568,0.8943955641684025,0.89579653832568,0.8913015778984027,0.942897712828296,"[[1235, 1, 103], [6, 63, 83], [88, 14, 1238]]"
266,0.8940303779583186,0.8925303235625155,0.8940303779583186,0.8895353304843903,0.9429713327059916,"[[1235, 1, 103], [6, 63, 83], [93, 14, 1233]]"
267,0.8940303779583186,0.8924225223878998,0.8940303779583186,0.8893851675383209,0.9423804615194924,"[[1236, 1, 102], [6, 62, 84], [93, 14, 1233]]"
268,0.8943836100317909,0.89285173235135,0.8943836100317909,0.8897480863807762,0.9430302400970266,"[[1235, 1, 103], [6, 62, 84], [91, 14, 1235]]"
269,0.8940303779583186,0.8925369677888962,0.8940303779583186,0.8894044110072655,0.9428935322209752,"[[1234, 1, 104], [6, 62, 84], [91, 14, 1235]]"
270,0.8943836100317909,0.8929025057333444,0.8943836100317909,0.8898886092787625,0.9426728070322103,"[[1235, 1, 103], [6, 63, 83], [92, 14, 1234]]"
271,0.8950900741787354,0.893639428388116,0.8950900741787354,0.8907233892205094,0.9427754283836116,"[[1236, 1, 102], [6, 64, 82], [92, 14, 1234]]"
272,0.89579653832568,0.8944417013422464,0.89579653832568,0.8914393331789404,0.9430080152282884,"[[1235, 1, 103], [6, 64, 82], [89, 14, 1237]]"
273,0.8950900741787354,0.893753216122502,0.8950900741787354,0.8907421648928119,0.9430071419513024,"[[1234, 1, 104], [6, 64, 82], [90, 14, 1236]]"
274,0.8940303779583186,0.8924789455685062,0.8940303779583186,0.8893948356625055,0.942391523842796,"[[1235, 1, 103], [6, 62, 84], [92, 14, 1234]]"
275,0.8954433062522077,0.8940683932565374,0.8954433062522077,0.8910860853675208,0.9431715820244324,"[[1235, 1, 103], [6, 64, 82], [90, 14, 1236]]"
276,0.8936771458848464,0.8920554579533012,0.8936771458848464,0.888761579248495,0.9429065390980712,"[[1234, 1, 104], [6, 60, 86], [90, 14, 1236]]"
277,0.8947368421052632,0.8933333963045474,0.8947368421052632,0.8902513129154757,0.9430402415324032,"[[1234, 1, 104], [6, 63, 83], [90, 14, 1236]]"
278,0.8943836100317909,0.8925083074001076,0.8943836100317909,0.8894978250152875,0.9428389820482116,"[[1235, 1, 103], [6, 60, 86], [88, 15, 1237]]"
279,0.8936771458848464,0.8918624047445806,0.8936771458848464,0.8889471609717479,0.9426087932013608,"[[1235, 1, 103], [5, 61, 86], [91, 15, 1234]]"
280,0.8943836100317909,0.8927926008314861,0.8943836100317909,0.8900711166727806,0.9429554401648454,"[[1234, 1, 104], [6, 64, 82], [91, 15, 1234]]"
281,0.8933239138113741,0.8915654873575016,0.8933239138113741,0.8887350962041629,0.9432335351904836,"[[1234, 1, 104], [6, 62, 84], [92, 15, 1233]]"
282,0.8950900741787354,0.8935397086617114,0.8950900741787354,0.8907778551496492,0.9430215562160112,"[[1234, 1, 104], [6, 64, 82], [89, 15, 1236]]"
283,0.8940303779583186,0.8920154809524931,0.8940303779583186,0.8891246128039368,0.9428246356167748,"[[1237, 1, 101], [6, 60, 86], [91, 15, 1234]]"
284,0.8943836100317909,0.8924960239215561,0.8943836100317909,0.8900879567868414,0.943116445185534,"[[1235, 2, 102], [6, 64, 82], [92, 15, 1233]]"
285,0.8950900741787354,0.89342447490285,0.8950900741787354,0.8907588540257122,0.9426706864785775,"[[1236, 1, 102], [6, 64, 82], [91, 15, 1234]]"
286,0.8943836100317909,0.8926099648475848,0.8943836100317909,0.8901067281237309,0.942619240747444,"[[1233, 2, 104], [6, 64, 82], [90, 15, 1235]]"
287,0.8947368421052632,0.893172440107687,0.8947368421052632,0.8899578557535954,0.9425499133103008,"[[1235, 1, 103], [6, 61, 85], [89, 14, 1237]]"
288,0.8950900741787354,0.893531206811894,0.8950900741787354,0.8909022536672838,0.9438288100396568,"[[1235, 1, 103], [6, 65, 81], [91, 15, 1234]]"
289,0.8929706817379018,0.8916127353233969,0.8929706817379018,0.8886421423131037,0.9434408092247774,"[[1233, 1, 105], [5, 64, 83], [95, 14, 1231]]"
290,0.8947368421052632,0.8932751196364116,0.8947368421052632,0.8902418731304768,0.9434050818682812,"[[1235, 1, 103], [6, 63, 83], [91, 14, 1235]]"
291,0.8954433062522077,0.8940683932565374,0.8954433062522077,0.8910860853675208,0.9435369454709472,"[[1235, 1, 103], [6, 64, 82], [90, 14, 1236]]"
292,0.8947368421052632,0.8933689594135041,0.8947368421052632,0.890514379499237,0.943511689493846,"[[1235, 1, 103], [6, 65, 81], [93, 14, 1233]]"
293,0.8950900741787354,0.8936955195894867,0.8950900741787354,0.890732823128098,0.9438047530614684,"[[1235, 1, 103], [6, 64, 82], [91, 14, 1235]]"
294,0.8940303779583186,0.8924789455685062,0.8940303779583186,0.8893948356625055,0.9434204739098814,"[[1235, 1, 103], [6, 62, 84], [92, 14, 1234]]"
295,0.8954433062522077,0.8939065687880724,0.8954433062522077,0.890929351674458,0.9426291291273672,"[[1237, 1, 101], [6, 63, 83], [91, 14, 1235]]"
296,0.8947368421052632,0.893284642282589,0.8947368421052632,0.8901108228499582,0.942404598553164,"[[1234, 1, 104], [6, 62, 84], [89, 14, 1237]]"
297,0.8943836100317909,0.8927986145790735,0.8943836100317909,0.889604646987652,0.9426738776979064,"[[1235, 1, 103], [6, 61, 85], [90, 14, 1236]]"
298,0.8933239138113741,0.8917664616985335,0.8933239138113741,0.8884305003752845,0.9428435617107264,"[[1234, 1, 104], [4, 60, 88], [91, 14, 1235]]"
299,0.8943836100317909,0.8928248417827832,0.8943836100317909,0.8902054594142792,0.9430195676622588,"[[1235, 1, 103], [5, 65, 82], [93, 15, 1232]]"
300,0.8943836100317909,0.8929025057333444,0.8943836100317909,0.8898886092787625,0.9432870635863956,"[[1235, 1, 103], [6, 63, 83], [92, 14, 1234]]"
301,0.8936771458848464,0.8917465055870589,0.8936771458848464,0.8891258725898811,0.9422353472066186,"[[1233, 2, 104], [6, 62, 84], [90, 15, 1235]]"
302,0.8954433062522077,0.8938546568093126,0.8954433062522077,0.8911217855750904,0.9426792328597178,"[[1235, 1, 103], [6, 64, 82], [89, 15, 1236]]"
303,0.8954433062522077,0.8940815974130385,0.8954433062522077,0.8909577226532032,0.942825114116341,"[[1234, 1, 104], [6, 63, 83], [88, 14, 1238]]"
304,0.8943836100317909,0.8930070995163372,0.8943836100317909,0.890035671862097,0.9429405107339368,"[[1234, 1, 104], [6, 64, 82], [92, 14, 1234]]"
305,0.8940303779583186,0.8919137915687891,0.8940303779583186,0.8891851667928633,0.9413475820115256,"[[1235, 2, 102], [5, 60, 87], [89, 15, 1236]]"
306,0.8943836100317909,0.8924659759607425,0.8943836100317909,0.8894868796556326,0.9421732015407416,"[[1235, 2, 102], [6, 60, 86], [89, 14, 1237]]"
307,0.8947368421052632,0.8933333963045474,0.8947368421052632,0.8902513129154757,0.9430681472848798,"[[1234, 1, 104], [6, 63, 83], [90, 14, 1236]]"
308,0.8950900741787354,0.8936591325845731,0.8950900741787354,0.890464007739618,0.9431965348906972,"[[1234, 1, 104], [6, 62, 84], [88, 14, 1238]]"
309,0.8936771458848464,0.8919954491857062,0.8936771458848464,0.8887518463095149,0.9425040696296436,"[[1235, 1, 103], [6, 60, 86], [91, 14, 1235]]"
310,0.8950900741787354,0.8935986054832773,0.8950900741787354,0.8904545443142932,0.9427997218615856,"[[1235, 1, 103], [6, 62, 84], [89, 14, 1237]]"
311,0.8943836100317909,0.8927986145790735,0.8943836100317909,0.889604646987652,0.9424219669263056,"[[1235, 1, 103], [6, 61, 85], [90, 14, 1236]]"
312,0.8943836100317909,0.8930189935640706,0.8943836100317909,0.88990747165476,0.9419991926985096,"[[1233, 1, 105], [6, 63, 83], [90, 14, 1236]]"
313,0.8936771458848464,0.8921710624853937,0.8936771458848464,0.8889174396075925,0.9410127863150736,"[[1233, 1, 105], [6, 61, 85], [90, 14, 1236]]"
314,0.8940303779583186,0.8923576841554716,0.8940303779583186,0.8888247066472463,0.9425397395417472,"[[1234, 1, 104], [5, 58, 89], [87, 14, 1239]]"
315,0.8950900741787354,0.8928679972958167,0.8950900741787354,0.8905504971237602,0.9424971362748188,"[[1236, 2, 101], [6, 62, 84], [88, 16, 1236]]"
316,0.8950900741787354,0.8934472898092652,0.8950900741787354,0.8906305302438398,0.942280256499234,"[[1234, 2, 103], [6, 63, 83], [89, 14, 1237]]"
317,0.8954433062522077,0.8940340599270417,0.8954433062522077,0.8908171789904372,0.9424967974140148,"[[1234, 1, 104], [6, 62, 84], [87, 14, 1239]]"
318,0.8943836100317909,0.8927986145790735,0.8943836100317909,0.889604646987652,0.9426813558577928,"[[1235, 1, 103], [6, 61, 85], [90, 14, 1236]]"
319,0.8961497703991522,0.8946027029139774,0.8961497703991522,0.8918285129782252,0.942721874321056,"[[1235, 1, 103], [6, 64, 82], [87, 15, 1238]]"
320,0.8950900741787354,0.8936591325845731,0.8950900741787354,0.890464007739618,0.9427215388213602,"[[1234, 1, 104], [6, 62, 84], [88, 14, 1238]]"
321,0.8947368421052632,0.8930565297912518,0.8947368421052632,0.8898017198587233,0.9427312316459056,"[[1236, 1, 102], [6, 60, 86], [89, 14, 1237]]"
322,0.8936771458848464,0.8921108640476845,0.8936771458848464,0.8889078594508731,0.942636738064913,"[[1234, 1, 104], [6, 61, 85], [91, 14, 1235]]"
323,0.8943836100317909,0.8928588815949231,0.8943836100317909,0.8896142450814818,0.9426129750309028,"[[1234, 1, 104], [6, 61, 85], [89, 14, 1237]]"
324,0.8943836100317909,0.8929524801924467,0.8943836100317909,0.8897684496286541,0.9428646095805316,"[[1234, 1, 104], [5, 62, 85], [90, 14, 1236]]"
325,0.89579653832568,0.8942276348558067,0.89579653832568,0.891141892180754,0.94314065310803,"[[1237, 1, 101], [6, 62, 84], [89, 14, 1237]]"
326,0.8933239138113741,0.8915070495632286,0.8933239138113741,0.8885928705250218,0.942334726005404,"[[1234, 1, 104], [6, 61, 85], [91, 15, 1234]]"
327,0.8947368421052632,0.8932335431277734,0.8947368421052632,0.889967416953526,0.94167987887691,"[[1234, 1, 104], [6, 61, 85], [88, 14, 1238]]"
328,0.8961497703991522,0.8948588948484545,0.8961497703991522,0.8919275106301657,0.943419366577552,"[[1235, 1, 103], [6, 65, 81], [89, 14, 1237]]"
329,0.8936771458848464,0.8919954491857062,0.8936771458848464,0.8887518463095149,0.942175154650082,"[[1235, 1, 103], [6, 60, 86], [91, 14, 1235]]"
330,0.8936771458848464,0.8921637810991216,0.8936771458848464,0.8890511834807872,0.9424100484371116,"[[1234, 1, 104], [6, 62, 84], [92, 14, 1234]]"
331,0.8950900741787354,0.8935467007044524,0.8950900741787354,0.8903110505553712,0.9415196102444424,"[[1235, 1, 103], [6, 61, 85], [88, 14, 1238]]"
332,0.8943836100317909,0.8928588815949231,0.8943836100317909,0.8896142450814818,0.9427905882032,"[[1234, 1, 104], [6, 61, 85], [89, 14, 1237]]"
333,0.8943836100317909,0.8929018465766502,0.8943836100317909,0.8896252912011204,0.9421705028765218,"[[1234, 1, 104], [5, 61, 86], [89, 14, 1237]]"
334,0.8954433062522077,0.8939213976204473,0.8954433062522077,0.8906642316795942,0.9424218966485914,"[[1235, 1, 103], [6, 61, 85], [87, 14, 1239]]"
335,0.8947368421052632,0.8930796480242618,0.8947368421052632,0.8901469547211278,0.9421529047258108,"[[1233, 2, 104], [6, 62, 84], [88, 14, 1238]]"
336,0.89579653832568,0.8942345198139817,0.89579653832568,0.8910078560292604,0.9419650536183514,"[[1236, 1, 102], [6, 61, 85], [87, 14, 1239]]"
337,0.8965030024726245,0.8949744002160906,0.8965030024726245,0.8924276564493056,0.9436878787785457,"[[1236, 2, 101], [6, 66, 80], [90, 14, 1236]]"
338,0.8961497703991522,0.8945365979766333,0.8961497703991522,0.8919436099947327,0.9431137489657564,"[[1237, 1, 101], [6, 65, 81], [90, 15, 1235]]"
339,0.8947368421052632,0.8930523745056752,0.8947368421052632,0.8904054164931755,0.9441206758305872,"[[1236, 1, 102], [6, 64, 82], [92, 15, 1233]]"
340,0.8961497703991522,0.894756845537434,0.8961497703991522,0.8917832450489103,0.94397934306984,"[[1236, 1, 102], [6, 64, 82], [89, 14, 1237]]"
341,0.8961497703991522,0.894756845537434,0.8961497703991522,0.8917832450489103,0.94397934306984,"[[1236, 1, 102], [6, 64, 82], [89, 14, 1237]]"
342,0.8961497703991522,0.894756845537434,0.8961497703991522,0.8917832450489103,0.94397934306984,"[[1236, 1, 102], [6, 64, 82], [89, 14, 1237]]"
343,0.8961497703991522,0.894756845537434,0.8961497703991522,0.8917832450489103,0.94397934306984,"[[1236, 1, 102], [6, 64, 82], [89, 14, 1237]]"
344,0.8961497703991522,0.894756845537434,0.8961497703991522,0.8917832450489103,0.94397934306984,"[[1236, 1, 102], [6, 64, 82], [89, 14, 1237]]"
345,0.8950900741787354,0.8934292020936719,0.8950900741787354,0.8906317285570434,0.9441572489640944,"[[1235, 1, 103], [6, 63, 83], [89, 15, 1236]]"
346,0.8950900741787354,0.8934292020936719,0.8950900741787354,0.8906317285570434,0.9440166904804228,"[[1235, 1, 103], [6, 63, 83], [89, 15, 1236]]"
347,0.8950900741787354,0.8934292020936719,0.8950900741787354,0.8906317285570434,0.9440166904804228,"[[1235, 1, 103], [6, 63, 83], [89, 15, 1236]]"
348,0.8950900741787354,0.8934292020936719,0.8950900741787354,0.8906317285570434,0.9440166904804228,"[[1235, 1, 103], [6, 63, 83], [89, 15, 1236]]"
349,0.8950900741787354,0.8934292020936719,0.8950900741787354,0.8906317285570434,0.9440166904804228,"[[1235, 1, 103], [6, 63, 83], [89, 15, 1236]]"
350,0.8965030024726245,0.8959735482560923,0.8965030024726245,0.8926980289035605,0.9441285059901546,"[[1228, 1, 110], [6, 68, 78], [85, 13, 1242]]"
351,0.8901448251501236,0.8884764892734469,0.8901448251501236,0.8848188413641017,0.94066946440413,"[[1227, 2, 110], [7, 57, 88], [91, 13, 1236]]"
352,0.8950900741787354,0.8932149334735028,0.8950900741787354,0.8901932555816311,0.9415584866536388,"[[1235, 2, 102], [6, 60, 86], [87, 14, 1239]]"
353,0.8954433062522077,0.8937121362786791,0.8954433062522077,0.89070141745534,0.9412235858461712,"[[1234, 2, 103], [6, 61, 85], [86, 14, 1240]]"
354,0.8961497703991522,0.8943954997889302,0.8961497703991522,0.891531750366591,0.9420924585583932,"[[1236, 2, 101], [6, 62, 84], [87, 14, 1239]]"
355,0.8943836100317909,0.8926099648475848,0.8943836100317909,0.8901067281237309,0.9429753972023066,"[[1233, 2, 104], [6, 64, 82], [90, 15, 1235]]"
356,0.8965030024726245,0.8950161440883992,0.8965030024726245,0.8921176592269517,0.9442510171568556,"[[1238, 1, 100], [6, 64, 82], [90, 14, 1236]]"
357,0.8947368421052632,0.893323079097003,0.8947368421052632,0.8903795461736859,0.94365311758784,"[[1235, 1, 103], [6, 64, 82], [92, 14, 1234]]"
358,0.8965030024726245,0.8949264560440343,0.8965030024726245,0.8922961923173557,0.943239668296034,"[[1236, 2, 101], [6, 65, 81], [89, 14, 1237]]"
359,0.89579653832568,0.8943277862382577,0.89579653832568,0.8914205242237305,0.9437835970250942,"[[1237, 1, 101], [6, 64, 82], [91, 14, 1235]]"
360,0.8961497703991522,0.8946507941999169,0.8961497703991522,0.89196244797134,0.9432682010479422,"[[1235, 1, 103], [6, 65, 81], [88, 15, 1237]]"
361,0.8954433062522077,0.8939618071482432,0.8954433062522077,0.8912650227049079,0.9434035797585322,"[[1234, 1, 104], [6, 65, 81], [89, 15, 1236]]"
362,0.8947368421052632,0.8930735797279731,0.8947368421052632,0.8902773053675497,0.9433037890712312,"[[1234, 2, 103], [6, 63, 83], [90, 14, 1236]]"
363,0.89579653832568,0.8941130987365113,0.89579653832568,0.8914561214738491,0.9439834387327934,"[[1237, 1, 101], [6, 64, 82], [90, 15, 1235]]"
364,0.8968562345460968,0.8955476143136978,0.8968562345460968,0.8926248030543229,0.9435372962484068,"[[1236, 1, 102], [6, 65, 81], [88, 14, 1238]]"
365,0.8943836100317909,0.892997555897748,0.8943836100317909,0.890161059063155,0.9438307778156504,"[[1235, 1, 103], [6, 65, 81], [94, 14, 1232]]"
366,0.8950900741787354,0.8936481665131625,0.8950900741787354,0.8905951223264109,0.9435982264153858,"[[1235, 1, 103], [6, 63, 83], [90, 14, 1236]]"
367,0.8961497703991522,0.8947699174447314,0.8961497703991522,0.89165478484817,0.943050097523467,"[[1235, 1, 103], [6, 63, 83], [87, 14, 1239]]"
368,0.89579653832568,0.8942284614678859,0.89579653832568,0.8914751562780528,0.9428033378027516,"[[1235, 1, 103], [6, 64, 82], [88, 15, 1237]]"
369,0.8968562345460968,0.8955039639836009,0.8968562345460968,0.8924897439295668,0.94353107942071,"[[1236, 1, 102], [6, 64, 82], [87, 14, 1239]]"
370,0.8954433062522077,0.8935163833831395,0.8954433062522077,0.8908720786277944,0.9412583775924044,"[[1234, 2, 103], [7, 62, 83], [86, 15, 1239]]"
371,0.89579653832568,0.8945187529039922,0.89579653832568,0.8913201446941723,0.9419348867568136,"[[1233, 1, 105], [6, 63, 83], [86, 14, 1240]]"
372,0.8943836100317909,0.8925873529946958,0.8943836100317909,0.8896419034161784,0.9412446673270572,"[[1234, 2, 103], [6, 61, 85], [89, 14, 1237]]"
373,0.8954433062522077,0.8939129360271486,0.8954433062522077,0.8907982339976454,0.9431093043586752,"[[1236, 1, 102], [6, 62, 84], [89, 14, 1237]]"
374,0.8965030024726245,0.8949277373066127,0.8965030024726245,0.8920450769166262,0.9430340057602792,"[[1235, 1, 103], [6, 63, 83], [85, 15, 1240]]"
375,0.8933239138113741,0.8912966731459254,0.8933239138113741,0.8887635915617946,0.9424603422248452,"[[1235, 1, 103], [6, 62, 84], [92, 16, 1232]]"
376,0.8950900741787354,0.8935897010693242,0.8950900741787354,0.8903221059271889,0.9426389863406524,"[[1235, 1, 103], [5, 61, 86], [88, 14, 1238]]"
377,0.8954433062522077,0.8934979576218879,0.8954433062522077,0.8908735705250937,0.9440453760099702,"[[1235, 2, 102], [6, 62, 84], [87, 15, 1238]]"
378,0.89579653832568,0.894286623199013,0.89579653832568,0.8911514645938398,0.9413703770464136,"[[1236, 1, 102], [6, 62, 84], [88, 14, 1238]]"
379,0.89579653832568,0.8942064406170757,0.89579653832568,0.8912063990170203,0.9417229038101228,"[[1233, 2, 104], [6, 62, 84], [85, 14, 1241]]"
380,0.8940303779583186,0.8920271258074967,0.8940303779583186,0.8889852009975738,0.9425331872143546,"[[1235, 2, 102], [6, 59, 87], [89, 14, 1237]]"
381,0.8943836100317909,0.8925939160928659,0.8943836100317909,0.889366975513147,0.9416852309831684,"[[1232, 2, 105], [6, 59, 87], [85, 14, 1241]]"
382,0.8961497703991522,0.8946337098657208,0.8961497703991522,0.8916992258208242,0.9417181233977904,"[[1233, 2, 104], [6, 63, 83], [85, 14, 1241]]"
383,0.89579653832568,0.8941431977962617,0.89579653832568,0.8911971969466693,0.9421625425504058,"[[1234, 2, 103], [6, 62, 84], [86, 14, 1240]]"
384,0.89579653832568,0.8941526022486623,0.89579653832568,0.891063826837883,0.9414311183802304,"[[1233, 2, 104], [6, 61, 85], [84, 14, 1242]]"
385,0.8926174496644296,0.8904575869093634,0.8926174496644296,0.8869924022757306,0.9411310997633584,"[[1233, 2, 104], [4, 55, 93], [87, 14, 1239]]"
386,0.8936771458848464,0.8919467589454193,0.8936771458848464,0.8888204336840952,0.941345164458162,"[[1232, 2, 105], [5, 60, 87], [88, 14, 1238]]"
387,0.8936771458848464,0.8917761604035339,0.8936771458848464,0.8885095414379852,0.9411410785876444,"[[1232, 2, 105], [6, 58, 88], [86, 14, 1240]]"
388,0.8936771458848464,0.8918864283297804,0.8936771458848464,0.888672393362024,0.9411049937314724,"[[1232, 2, 105], [5, 59, 88], [87, 14, 1239]]"
389,0.8933239138113741,0.8914656969904325,0.8933239138113741,0.8881659843802371,0.9410129048705218,"[[1231, 2, 106], [6, 58, 88], [86, 14, 1240]]"
390,0.8940303779583186,0.8921520832385835,0.8940303779583186,0.8890044268159102,0.940570792660259,"[[1233, 2, 104], [6, 59, 87], [87, 14, 1239]]"
391,0.8936771458848464,0.8917107078894818,0.8936771458848464,0.8884999690195076,0.9409713175748944,"[[1233, 2, 104], [6, 58, 88], [87, 14, 1239]]"
392,0.8936771458848464,0.8917564468400634,0.8936771458848464,0.8885115565961009,0.941222094736412,"[[1233, 2, 104], [5, 58, 89], [87, 14, 1239]]"
393,0.8940303779583186,0.8923774351309606,0.8940303779583186,0.8888228346873878,0.9414106883431982,"[[1233, 1, 105], [6, 58, 88], [86, 14, 1240]]"
394,0.8933239138113741,0.8914011811607987,0.8933239138113741,0.8882981686956876,0.9415570346549552,"[[1233, 2, 104], [6, 59, 87], [89, 14, 1237]]"
395,0.8936771458848464,0.8918404575873434,0.8936771458848464,0.8886608157422626,0.941820894471278,"[[1232, 2, 105], [6, 59, 87], [87, 14, 1239]]"
396,0.8929706817379018,0.8910887549616912,0.8929706817379018,0.8879546038114309,0.941303555773665,"[[1232, 2, 105], [6, 59, 87], [89, 14, 1237]]"
397,0.8954433062522077,0.8935163833831395,0.8954433062522077,0.8908720786277944,0.9416844029283636,"[[1234, 3, 102], [6, 62, 84], [87, 14, 1239]]"
398,0.8940303779583186,0.8920188236328541,0.8940303779583186,0.8886986493710639,0.9403635644592572,"[[1233, 2, 104], [6, 57, 89], [85, 14, 1241]]"
399,0.8929706817379018,0.8910689441103989,0.8929706817379018,0.8878149595554559,0.9413509046196245,"[[1232, 2, 105], [5, 58, 89], [88, 14, 1238]]"
400,0.8950900741787354,0.8934989389517288,0.8950900741787354,0.8905112618884782,0.9412185527396234,"[[1233, 2, 104], [5, 62, 85], [87, 14, 1239]]"
401,0.8922642175909573,0.8899026765816128,0.8922642175909573,0.886976714389761,0.941322888561692,"[[1233, 2, 104], [6, 57, 89], [89, 15, 1236]]"
402,0.8940303779583186,0.892162501926035,0.8940303779583186,0.8885010427145598,0.941682378319088,"[[1235, 1, 103], [5, 56, 91], [86, 14, 1240]]"
403,0.8943836100317909,0.8927664144279829,0.8943836100317909,0.8898030351283437,0.9419169818286032,"[[1232, 2, 105], [6, 62, 84], [88, 14, 1238]]"
404,0.8912045213705404,0.8889694328981702,0.8912045213705404,0.8855776709244136,0.940460649760122,"[[1232, 2, 105], [5, 55, 92], [90, 14, 1236]]"
405,0.8922642175909573,0.8901206989665265,0.8922642175909573,0.8866349696272982,0.9397666298338112,"[[1231, 2, 106], [6, 55, 91], [86, 14, 1240]]"
406,0.8936771458848464,0.8917764136117888,0.8936771458848464,0.8886513044677108,0.9409583589755324,"[[1233, 2, 104], [6, 59, 87], [88, 14, 1238]]"
407,0.8950900741787354,0.8933367706391483,0.8950900741787354,0.8903482595566575,0.9417027344117432,"[[1234, 2, 103], [6, 61, 85], [87, 14, 1239]]"
408,0.8933239138113741,0.891475729402187,0.8933239138113741,0.8878048251364231,0.9417694719623454,"[[1234, 1, 104], [5, 56, 91], [87, 14, 1239]]"
409,0.8929706817379018,0.890954666143013,0.8929706817379018,0.8876491050224113,0.940792861070028,"[[1232, 2, 105], [6, 57, 89], [87, 14, 1239]]"
410,0.8926174496644296,0.8899947371275077,0.8926174496644296,0.8872178678943937,0.940709896089694,"[[1232, 3, 104], [6, 56, 90], [86, 15, 1239]]"
411,0.8933239138113741,0.8916085074672829,0.8933239138113741,0.8879731590173355,0.9413900719174458,"[[1233, 1, 105], [5, 57, 90], [87, 14, 1239]]"
412,0.8922642175909573,0.8900799844362312,0.8922642175909573,0.8870083155094453,0.941606172221515,"[[1231, 2, 106], [5, 57, 90], [87, 15, 1238]]"
413,0.8922642175909573,0.8898072853389972,0.8922642175909573,0.886671205509259,0.94074546944633,"[[1232, 2, 105], [6, 55, 91], [86, 15, 1239]]"
414,0.8922642175909573,0.8902435591062713,0.8922642175909573,0.8868073775738045,0.9414627415182256,"[[1231, 2, 106], [5, 56, 91], [87, 14, 1239]]"
415,0.8926174496644296,0.8907117412920901,0.8926174496644296,0.8873152374047074,0.9418320894055722,"[[1230, 2, 107], [6, 57, 89], [86, 14, 1240]]"
416,0.8943836100317909,0.8925636347270134,0.8943836100317909,0.8897098772783346,0.9424828842599628,"[[1231, 2, 106], [6, 61, 85], [85, 15, 1240]]"
417,0.8943836100317909,0.8926237269457254,0.8943836100317909,0.8891564341355099,0.9425529016409248,"[[1235, 1, 103], [6, 58, 88], [87, 14, 1239]]"
418,0.8933239138113741,0.8913315122946058,0.8933239138113741,0.8880021652100083,0.9418098675923868,"[[1232, 2, 105], [6, 57, 89], [86, 14, 1240]]"
419,0.8940303779583186,0.8917381443093636,0.8940303779583186,0.8887310046371528,0.941763043690396,"[[1233, 3, 103], [6, 57, 89], [85, 14, 1241]]"
420,0.8926174496644296,0.8905529974941053,0.8926174496644296,0.8871505918946856,0.94072717035181,"[[1232, 2, 105], [5, 56, 91], [87, 14, 1239]]"
421,0.8936771458848464,0.8916844159279265,0.8936771458848464,0.8889845259296665,0.9425979331556515,"[[1233, 2, 104], [6, 61, 85], [89, 15, 1236]]"
422,0.8933239138113741,0.8916844455778716,0.8933239138113741,0.8887543443883325,0.9427920548685368,"[[1232, 1, 106], [6, 62, 84], [90, 15, 1235]]"
423,0.8975626986930413,0.8964191288343794,0.8975626986930413,0.8931519473314452,0.9430653416763124,"[[1237, 1, 101], [6, 64, 82], [87, 13, 1240]]"
424,0.8975626986930413,0.8961924828735042,0.8975626986930413,0.8931869210097995,0.9426014494857968,"[[1237, 1, 101], [6, 64, 82], [86, 14, 1240]]"
425,0.8950900741787354,0.8935397086617114,0.8950900741787354,0.8907778551496492,0.9429107209276132,"[[1234, 1, 104], [6, 64, 82], [89, 15, 1236]]"
426,0.8950900741787354,0.8934990344436138,0.8950900741787354,0.8907673623855966,0.9434591187081768,"[[1234, 2, 103], [6, 64, 82], [90, 14, 1236]]"
427,0.8950900741787354,0.8938972748992678,0.8950900741787354,0.8904274706215655,0.9431514428760251,"[[1234, 1, 104], [6, 62, 84], [89, 13, 1238]]"
428,0.8965030024726245,0.8951659253489027,0.8965030024726245,0.8916668974679942,0.942933764684498,"[[1237, 1, 101], [6, 61, 85], [87, 13, 1240]]"
429,0.8943836100317909,0.892512604915632,0.8943836100317909,0.8897659189327012,0.943283614783967,"[[1237, 1, 101], [6, 62, 84], [92, 15, 1233]]"
430,0.8954433062522077,0.8938006575424526,0.8954433062522077,0.8906449816745529,0.9420166570160088,"[[1237, 1, 101], [6, 61, 85], [89, 14, 1237]]"
431,0.8954433062522077,0.893534498999104,0.8954433062522077,0.8908061637789388,0.9427538311254152,"[[1238, 2, 99], [6, 62, 84], [91, 14, 1235]]"
432,0.8954433062522077,0.8937072144867643,0.8954433062522077,0.8908346972447697,0.9428061754946232,"[[1235, 2, 102], [6, 62, 84], [88, 14, 1238]]"
433,0.8965030024726245,0.8950723597357857,0.8965030024726245,0.8921271256601002,0.9430451068891031,"[[1237, 1, 101], [6, 64, 82], [89, 14, 1237]]"
434,0.8954433062522077,0.8941686771193579,0.8954433062522077,0.8911061035119027,0.9426578910457344,"[[1234, 1, 104], [5, 64, 83], [89, 14, 1237]]"
435,0.8954433062522077,0.8935989330366058,0.8954433062522077,0.8910230361093494,0.9438063920599824,"[[1235, 2, 102], [5, 63, 84], [88, 15, 1237]]"
436,0.8943836100317909,0.8921271081228408,0.8943836100317909,0.8895079165481414,0.9425430456498608,"[[1237, 2, 100], [6, 60, 86], [90, 15, 1235]]"
437,0.8940303779583186,0.8924966439531673,0.8940303779583186,0.8893939285774222,0.9428202814540558,"[[1234, 2, 103], [6, 62, 84], [92, 13, 1235]]"
438,0.8940303779583186,0.8923672074815676,0.8940303779583186,0.8895811969262055,0.9427054446137304,"[[1234, 1, 104], [6, 63, 83], [91, 15, 1234]]"
439,0.8954433062522077,0.8940216476080206,0.8954433062522077,0.8909483571534332,0.9432720198778132,"[[1235, 1, 103], [6, 63, 83], [89, 14, 1237]]"
440,0.8940303779583186,0.8923124176851348,0.8940303779583186,0.8894418112133787,0.9427169457144138,"[[1234, 1, 104], [6, 62, 84], [90, 15, 1235]]"
441,0.8947368421052632,0.893005074088025,0.8947368421052632,0.890006133804252,0.943520334263786,"[[1234, 2, 103], [5, 61, 86], [88, 14, 1238]]"
442,0.89579653832568,0.8940033900482736,0.89579653832568,0.8911795676628651,0.942735699475188,"[[1237, 1, 101], [6, 62, 84], [88, 15, 1237]]"
443,0.897209466619569,0.8957721347727345,0.897209466619569,0.8926956841420453,0.9432094195456818,"[[1237, 1, 101], [6, 63, 83], [86, 14, 1240]]"
444,0.8950900741787354,0.8933709715931406,0.8950900741787354,0.89062212140619,0.9436946596612864,"[[1236, 1, 102], [6, 63, 83], [90, 15, 1235]]"
445,0.8947368421052632,0.893172440107687,0.8947368421052632,0.8899578557535954,0.9435232248167206,"[[1235, 1, 103], [6, 61, 85], [89, 14, 1237]]"
446,0.89579653832568,0.8941799314662304,0.89579653832568,0.8908612929553953,0.9417580985837684,"[[1236, 1, 102], [6, 60, 86], [86, 14, 1240]]"
447,0.8936771458848464,0.8917458997555272,0.8936771458848464,0.8882846782226366,0.9425785511732246,"[[1236, 1, 102], [6, 57, 89], [89, 14, 1237]]"
448,0.8943836100317909,0.8927986145790735,0.8943836100317909,0.889604646987652,0.942326226068666,"[[1235, 1, 103], [6, 61, 85], [90, 14, 1236]]"
449,0.8933239138113741,0.8916353267827647,0.8933239138113741,0.8884768026449325,0.941973573110627,"[[1231, 2, 106], [5, 60, 87], [88, 14, 1238]]"
450,0.8936771458848464,0.8920009890224554,0.8936771458848464,0.8884697514904888,0.9411225478822232,"[[1233, 1, 105], [6, 58, 88], [87, 14, 1239]]"
451,0.8922642175909573,0.890338798125372,0.8922642175909573,0.8872483374292117,0.9410878386359152,"[[1232, 2, 105], [6, 59, 87], [91, 14, 1235]]"
452,0.8922642175909573,0.8901522339279113,0.8922642175909573,0.8871611034548871,0.94184156589698,"[[1231, 2, 106], [5, 58, 89], [88, 15, 1237]]"
453,0.8901448251501236,0.8879701281865752,0.8901448251501236,0.8849065830136223,0.9412598039244444,"[[1228, 3, 108], [5, 57, 90], [91, 14, 1235]]"
454,0.8929706817379018,0.8906545049644365,0.8929706817379018,0.8880390320606928,0.9418865277451036,"[[1232, 3, 104], [5, 59, 88], [88, 15, 1237]]"
455,0.8919109855174849,0.8891771188090754,0.8919109855174849,0.8865015703617275,0.9415713590864122,"[[1233, 3, 103], [6, 56, 90], [89, 15, 1236]]"
456,0.8919109855174849,0.8894244868683158,0.8919109855174849,0.8869581201622722,0.9411039725657316,"[[1233, 3, 103], [6, 59, 87], [92, 15, 1233]]"
457,0.8929706817379018,0.8902634293122887,0.8929706817379018,0.887696849790382,0.9409061490506472,"[[1235, 3, 101], [6, 57, 89], [89, 15, 1236]]"
458,0.8904980572235959,0.887860274410167,0.8904980572235959,0.8845999107816691,0.9402650632152316,"[[1231, 2, 106], [5, 53, 94], [88, 15, 1237]]"
459,0.8947368421052632,0.8929367626378166,0.8947368421052632,0.8896423751560758,0.9427973324193074,"[[1237, 1, 101], [6, 59, 87], [89, 14, 1237]]"
460,0.8915577534440127,0.8892114073996047,0.8915577534440127,0.8864240954709315,0.9426265924074452,"[[1234, 2, 103], [5, 58, 89], [93, 15, 1232]]"
461,0.8961497703991522,0.8944505501674619,0.8961497703991522,0.8916716419398069,0.942692162125773,"[[1236, 2, 101], [6, 63, 83], [88, 14, 1238]]"
462,0.8968562345460968,0.8955272249979555,0.8968562345460968,0.8925016789128717,0.942680493580797,"[[1237, 1, 101], [4, 64, 84], [88, 14, 1238]]"
463,0.8968562345460968,0.8957325960703686,0.8968562345460968,0.8923268040049648,0.9426347525667133,"[[1236, 1, 102], [5, 63, 84], [87, 13, 1240]]"
464,0.89579653832568,0.8943408731143272,0.89579653832568,0.8910286754008196,0.9419831241575228,"[[1235, 1, 103], [5, 61, 86], [86, 14, 1240]]"
465,0.8954433062522077,0.8936889202920811,0.8954433062522077,0.8908358996892941,0.9429473099499944,"[[1236, 1, 102], [6, 62, 84], [88, 15, 1237]]"
466,0.89579653832568,0.8935163795212474,0.89579653832568,0.891237256760076,0.9429875595246128,"[[1237, 3, 99], [6, 62, 84], [88, 15, 1237]]"
467,0.8954433062522077,0.8937970078351075,0.8954433062522077,0.8911122765960873,0.9425882360533326,"[[1236, 1, 102], [6, 64, 82], [90, 15, 1235]]"
468,0.89579653832568,0.8939132104804175,0.89579653832568,0.8913668564894094,0.9431668031398762,"[[1236, 2, 101], [5, 63, 84], [88, 15, 1237]]"
469,0.8929706817379018,0.8913100580475103,0.8929706817379018,0.8879157447724854,0.9419895548739148,"[[1233, 1, 105], [6, 59, 87], [90, 14, 1236]]"
470,0.8929706817379018,0.8911986559895894,0.8929706817379018,0.8879756629798851,0.942499855411242,"[[1231, 2, 106], [5, 59, 88], [88, 14, 1238]]"
471,0.8950900741787354,0.8931235433668655,0.8950900741787354,0.890520226750346,0.943618717563474,"[[1235, 2, 102], [6, 62, 84], [88, 15, 1237]]"
472,0.8950900741787354,0.8934548061121224,0.8950900741787354,0.8905001160375067,0.9425524811968616,"[[1233, 2, 104], [6, 62, 84], [87, 14, 1239]]"
473,0.8950900741787354,0.8931875354026819,0.8950900741787354,0.8910933591852698,0.9436000756359314,"[[1234, 3, 102], [6, 66, 80], [91, 15, 1234]]"
474,0.8947368421052632,0.8925782572026929,0.8947368421052632,0.8903339276797728,0.942648575276403,"[[1235, 3, 101], [6, 63, 83], [90, 15, 1235]]"
475,0.8961497703991522,0.8946027029139774,0.8961497703991522,0.8918285129782252,0.9433111890089664,"[[1235, 1, 103], [6, 64, 82], [87, 15, 1238]]"
476,0.8965030024726245,0.8948308940245029,0.8965030024726245,0.892352104719486,0.9428582937529248,"[[1235, 1, 103], [6, 65, 81], [86, 16, 1238]]"
477,0.8968562345460968,0.8954728635097698,0.8968562345460968,0.8926162447423979,0.9429801360591212,"[[1238, 1, 100], [5, 65, 82], [90, 14, 1236]]"
478,0.8950900741787354,0.8932749554525007,0.8950900741787354,0.8904720195148613,0.9428751420709824,"[[1236, 2, 101], [6, 62, 84], [90, 14, 1236]]"
479,0.8947368421052632,0.8925220280756173,0.8947368421052632,0.8903244794186695,0.9423169457437468,"[[1236, 3, 100], [6, 63, 83], [91, 15, 1234]]"
480,0.8947368421052632,0.8927313785492871,0.8947368421052632,0.8901677875290589,0.9431117830230944,"[[1236, 1, 102], [6, 62, 84], [89, 16, 1235]]"
481,0.8975626986930413,0.8958005497390135,0.8975626986930413,0.89325909865136,0.9434491050505892,"[[1236, 2, 101], [6, 64, 82], [84, 15, 1241]]"
482,0.8950900741787354,0.8931655019295593,0.8950900741787354,0.8906598352084678,0.94356984949667,"[[1236, 1, 102], [6, 63, 83], [89, 16, 1235]]"
483,0.8943836100317909,0.8924372119163179,0.8943836100317909,0.8899521451916376,0.9439793565142724,"[[1235, 2, 102], [6, 63, 83], [91, 15, 1234]]"
484,0.8943836100317909,0.892406476059551,0.8943836100317909,0.8894772267247718,0.942498011079581,"[[1236, 2, 101], [6, 60, 86], [90, 14, 1236]]"
485,0.8954433062522077,0.8932555351814376,0.8954433062522077,0.8907714473811319,0.9419601800116592,"[[1234, 3, 102], [6, 61, 85], [85, 15, 1240]]"
486,0.8950900741787354,0.8933318312987721,0.8950900741787354,0.8906118296883733,0.9422384834259973,"[[1236, 2, 101], [6, 63, 83], [91, 14, 1235]]"
487,0.8933239138113741,0.8909851501169441,0.8933239138113741,0.8880248249914741,0.940992526777887,"[[1233, 3, 103], [6, 57, 89], [87, 14, 1239]]"
488,0.89579653832568,0.8938120622567687,0.89579653832568,0.8912174038305786,0.9433478293646346,"[[1236, 2, 101], [6, 62, 84], [87, 15, 1238]]"
489,0.8915577534440127,0.8892687513314834,0.8915577534440127,0.8861438282872172,0.9412536922077636,"[[1230, 3, 106], [5, 56, 91], [88, 14, 1238]]"
490,0.897209466619569,0.8955651928393439,0.897209466619569,0.892859239658068,0.94360998051584,"[[1237, 2, 100], [6, 64, 82], [87, 14, 1239]]"
491,0.8929706817379018,0.8906852974918948,0.8929706817379018,0.887825117813152,0.9408317735347476,"[[1233, 3, 103], [6, 58, 88], [89, 14, 1237]]"
492,0.8908512892970681,0.888827896908079,0.8908512892970681,0.8855500377894261,0.9406261598878372,"[[1230, 2, 107], [6, 57, 89], [91, 14, 1235]]"
493,0.8915577534440127,0.8892232860053785,0.8915577534440127,0.886494322289284,0.9414102018991948,"[[1229, 3, 107], [6, 58, 88], [88, 15, 1237]]"
494,0.8929706817379018,0.8911986559895894,0.8929706817379018,0.8879756629798851,0.9412957903918168,"[[1231, 2, 106], [5, 59, 88], [88, 14, 1238]]"
495,0.8919109855174849,0.8901318189516837,0.8919109855174849,0.887063870924953,0.9417333761061834,"[[1231, 2, 106], [5, 60, 87], [92, 14, 1234]]"
496,0.8936771458848464,0.8922770907696115,0.8936771458848464,0.8889381740075724,0.9415145148046176,"[[1232, 1, 106], [5, 61, 86], [89, 14, 1237]]"
497,0.8926174496644296,0.8907135589486227,0.8926174496644296,0.8876014775699633,0.9416262105366804,"[[1232, 2, 105], [6, 59, 87], [90, 14, 1236]]"
498,0.8912045213705404,0.888956680920832,0.8912045213705404,0.8854245097180983,0.9413173082056406,"[[1231, 2, 106], [5, 54, 93], [88, 14, 1238]]"
499,0.8915577534440127,0.8892989192713067,0.8915577534440127,0.8862881300885945,0.9403287977685566,"[[1230, 3, 106], [6, 57, 89], [89, 14, 1237]]"
