Feature,Corr.,Lin Reg,Ridge,Lasso,MI,RF,RF Ext,RFE: ElasticNet,RFE: Lin,RFE: Log,RFE: SVC,RFE: RF,Mean
Consequence_first_0,1.000,0.000,0.280,1.000,0.810,1.000,0.970,1.000,0.910,1.000,1.000,1.000,0.831
IMPACT_HIGH,0.350,0.240,0.190,0.360,0.590,0.010,1.000,1.000,1.000,1.000,1.000,1.000,0.645
ConsScore,0.570,0.000,0.040,0.180,1.000,0.910,0.350,1.000,0.640,1.000,1.000,1.000,0.641
VEST4_score,0.320,0.000,0.350,0.630,0.560,0.310,0.310,1.000,0.910,1.000,1.000,1.000,0.616
verPhyloP,0.720,0.000,0.140,0.210,0.800,0.080,0.250,1.000,0.900,1.000,1.000,1.000,0.592
gnomAD_exomes_AF,0.000,0.000,1.000,0.000,0.120,0.760,0.160,0.930,0.910,1.000,1.000,1.000,0.573
IMPACT_LOW,0.250,0.190,0.200,0.180,0.250,0.020,0.470,1.000,0.990,1.000,1.000,1.000,0.546
verPhCons,0.540,0.000,0.040,0.000,0.670,0.010,0.390,1.000,0.780,1.000,1.000,1.000,0.536
IMPACT_MODIFIER,0.400,0.230,0.140,0.000,0.330,0.000,0.410,0.410,1.000,1.000,0.850,1.000,0.481
mamPhyloP,0.580,0.000,0.020,0.000,0.750,0.010,0.160,1.000,0.480,1.000,0.710,1.000,0.476
mamPhCons,0.480,0.000,0.020,0.040,0.580,0.010,0.320,1.000,0.530,1.000,0.650,1.000,0.469
Dominant_probability,0.080,0.000,0.200,0.070,0.200,0.060,0.090,1.000,0.900,1.000,1.000,1.000,0.467
phyloP100way_vertebrate,0.070,0.000,0.110,0.000,0.330,0.000,0.090,0.910,0.900,1.000,1.000,0.900,0.443
M_CAP_score,0.120,0.000,0.030,0.040,0.290,0.020,0.150,1.000,0.620,1.000,1.000,1.000,0.439
Consequence_first_4,0.080,0.000,0.160,0.000,0.140,0.000,0.230,0.750,0.900,1.000,1.000,1.000,0.438
fathmm_MKL_coding_score,0.060,0.000,0.040,0.000,0.280,0.010,0.100,0.940,0.830,1.000,0.930,1.000,0.433
GerpS,0.470,0.000,0.020,0.000,0.740,0.050,0.160,0.860,0.490,1.000,0.380,1.000,0.431
MPC_score,0.100,0.000,0.060,0.010,0.210,0.010,0.040,1.000,0.860,1.000,0.790,1.000,0.423
cHmm_E15,0.000,0.290,0.010,0.000,0.190,0.010,0.020,0.920,0.970,1.000,1.000,0.640,0.421
cHmm_E4,0.010,0.330,0.040,0.000,0.210,0.020,0.030,0.970,0.970,1.000,0.970,0.500,0.421
IMPACT_MODERATE,0.120,0.280,0.080,0.000,0.120,0.010,0.110,0.410,1.000,1.000,1.000,0.880,0.418
after_IUPRED_8,0.030,0.000,0.180,0.000,0.350,0.000,0.040,0.710,0.820,1.000,0.890,1.000,0.418
priPhCons,0.250,0.000,0.040,0.000,0.400,0.010,0.180,0.530,0.690,1.000,0.860,1.000,0.413
denovo_Zscore,0.010,0.000,0.040,0.000,0.290,0.010,0.030,0.860,0.690,1.000,1.000,1.000,0.411
Condel_score,0.180,0.000,0.040,0.000,0.320,0.010,0.140,1.000,0.640,1.000,0.590,1.000,0.410
MVP_score,0.160,0.000,0.040,0.070,0.310,0.010,0.110,1.000,0.640,1.000,0.550,1.000,0.408
after_IUPRED_15,0.030,0.000,0.140,0.000,0.340,0.000,0.020,0.700,0.810,1.000,0.900,0.930,0.406
phastCons100way_vertebrate,0.040,0.000,0.030,0.000,0.270,0.000,0.060,0.920,0.770,1.000,1.000,0.780,0.406
Recessive_probability,0.040,0.000,0.160,0.000,0.210,0.040,0.100,0.420,0.890,1.000,1.000,1.000,0.405
MutationTaster_score,0.010,0.000,0.030,0.000,0.290,0.010,0.030,0.960,0.730,1.000,0.780,1.000,0.403
Number_of_paralogs,0.020,0.000,0.050,0.000,0.050,0.030,0.040,0.860,0.790,1.000,1.000,1.000,0.403
dbscSNV-rf_score,0.080,0.000,0.020,0.000,0.110,0.000,0.080,1.000,0.800,1.000,0.980,0.720,0.399
BIOTYPE_protein_coding,0.010,1.000,0.050,0.000,0.000,0.040,0.040,0.400,0.990,1.000,1.000,0.260,0.399
cHmm_E7,0.000,0.330,0.010,0.000,0.160,0.000,0.020,0.960,0.960,1.000,1.000,0.310,0.396
UK10K_AF,0.000,0.000,0.620,0.000,0.040,0.000,0.010,0.950,0.910,1.000,1.000,0.210,0.395
before_ANCHOR_15,0.030,0.000,0.060,0.000,0.340,0.000,0.020,0.690,0.780,1.000,0.910,0.910,0.395
Rare10000bp,0.000,0.000,0.020,0.000,0.170,0.010,0.020,0.950,0.680,1.000,1.000,0.890,0.395
AF_confidence,0.040,0.000,0.040,0.000,0.260,0.010,0.060,0.640,0.680,1.000,1.000,1.000,0.394
ANCHOR2,0.030,0.000,0.170,0.000,0.320,0.000,0.020,0.720,0.800,1.000,0.870,0.790,0.393
SpliceAI-don-loss,0.040,0.000,0.040,0.000,0.170,0.010,0.080,0.750,0.600,1.000,1.000,1.000,0.391
EncodeH3K36me3-sum,0.000,0.000,0.070,0.000,0.190,0.010,0.030,0.800,0.720,1.000,1.000,0.870,0.391
FATHMM_score,0.060,0.000,0.040,0.000,0.220,0.010,0.040,0.990,0.630,1.000,0.700,0.980,0.389
EncodeDNase-sum,0.000,0.000,0.030,0.000,0.190,0.010,0.020,0.940,0.580,1.000,0.940,0.960,0.389
CADD_raw,0.120,0.000,0.050,0.000,0.500,0.050,0.100,0.000,0.840,1.000,1.000,1.000,0.388
GerpN,0.100,0.000,0.020,0.000,0.370,0.010,0.040,0.870,0.610,1.000,0.800,0.840,0.388
before_IUPRED_3,0.030,0.000,0.100,0.000,0.330,0.000,0.040,0.720,0.780,1.000,0.820,0.840,0.388
BIOTYPE_nonsense_mediated_decay,0.000,0.940,0.040,0.000,0.030,0.000,0.030,0.400,0.990,1.000,1.000,0.230,0.388
phastCons17way_primate,0.020,0.000,0.030,0.000,0.240,0.000,0.040,0.910,0.700,1.000,0.850,0.850,0.387
cHmm_E8,0.000,0.330,0.030,0.000,0.160,0.000,0.020,0.950,0.960,1.000,0.890,0.260,0.383
fathmm_XF_coding_score,0.050,0.000,0.040,0.000,0.240,0.010,0.050,0.930,0.650,1.000,0.630,0.990,0.382
1000Gp3_AF,0.000,0.000,0.480,0.000,0.000,0.000,0.010,0.990,0.910,1.000,1.000,0.180,0.381
LIST_S2_score,0.100,0.000,0.020,0.000,0.230,0.010,0.070,0.980,0.430,1.000,0.730,1.000,0.381
before_ASA_15,0.000,0.000,0.120,0.000,0.300,0.000,0.020,0.810,0.770,1.000,1.000,0.550,0.381
Consequence_first_3,0.010,0.000,0.030,0.000,0.050,0.010,0.220,0.760,0.790,1.000,0.730,0.960,0.380
MutationAssessor_score,0.110,0.000,0.020,0.000,0.270,0.010,0.050,0.970,0.600,1.000,0.500,1.000,0.378
before_RSA_8,0.000,0.000,0.130,0.000,0.290,0.000,0.020,0.830,0.760,1.000,0.900,0.600,0.378
gtex_Small_Intestine_-_Terminal_Ileum,0.000,0.000,0.220,0.000,0.320,0.000,0.020,0.220,0.870,1.000,1.000,0.870,0.377
MSC_95CI,0.000,0.000,0.030,0.000,0.310,0.020,0.030,0.890,0.660,1.000,0.560,1.000,0.375
EncodeH4K20me1-max,0.000,0.000,0.040,0.000,0.210,0.010,0.020,0.780,0.700,1.000,0.830,0.890,0.373
s_het,0.000,0.000,0.030,0.000,0.280,0.020,0.030,0.400,0.720,1.000,1.000,1.000,0.373
hgmd_mutcount,0.030,0.000,0.050,0.000,0.230,0.010,0.030,0.650,0.740,1.000,0.810,0.910,0.372
gnom_mutcount,0.020,0.000,0.060,0.000,0.170,0.010,0.020,0.650,0.750,1.000,0.990,0.780,0.371
EncodeH3K9me3-max,0.010,0.000,0.040,0.000,0.190,0.010,0.020,0.820,0.700,1.000,0.690,0.960,0.370
gtex_Colon_-_Transverse,0.010,0.000,0.110,0.000,0.290,0.000,0.020,0.140,0.870,1.000,1.000,1.000,0.370
after_RSA_8,0.000,0.500,0.010,0.000,0.300,0.000,0.020,0.820,1.000,1.000,0.060,0.730,0.370
before_ASA_8,0.000,0.000,0.190,0.000,0.290,0.000,0.020,0.810,0.770,1.000,0.910,0.440,0.369
PROVEAN_score,0.120,0.000,0.020,0.000,0.290,0.010,0.070,0.960,0.480,1.000,0.480,1.000,0.369
EncodeH3K4me3-max,0.000,0.000,0.050,0.000,0.220,0.000,0.020,0.830,0.570,1.000,0.890,0.850,0.369
SpliceAI-acc-loss,0.020,0.000,0.020,0.000,0.160,0.010,0.040,0.750,0.430,1.000,1.000,0.960,0.366
EncodeH2AFZ-sum,0.000,0.000,0.020,0.000,0.180,0.000,0.020,0.770,0.610,1.000,0.860,0.880,0.362
EncodeH3K36me3-max,0.000,0.000,0.050,0.000,0.160,0.010,0.020,0.790,0.700,1.000,0.720,0.890,0.362
GC,0.000,0.000,0.030,0.000,0.200,0.010,0.030,0.500,0.750,1.000,0.830,1.000,0.362
before_RSA_15,0.000,0.000,0.080,0.000,0.290,0.000,0.020,0.830,0.760,1.000,1.000,0.350,0.361
after_ANCHOR_8,0.030,0.000,0.020,0.000,0.340,0.000,0.030,0.680,0.750,1.000,0.870,0.590,0.359
gtex_Spleen,0.000,0.000,0.180,0.000,0.310,0.010,0.020,0.220,0.860,1.000,1.000,0.700,0.358
after_ANCHOR_3,0.030,0.000,0.070,0.000,0.330,0.000,0.030,0.690,0.790,1.000,0.590,0.770,0.358
cHmm_E20,0.000,0.170,0.020,0.000,0.190,0.000,0.020,0.900,0.950,1.000,0.850,0.190,0.358
ASA,0.000,0.000,0.060,0.000,0.310,0.000,0.020,0.840,0.670,1.000,0.650,0.720,0.356
gtex_Esophagus_-_Mucosa,0.000,0.000,0.050,0.000,0.340,0.000,0.020,0.150,0.760,1.000,1.000,0.950,0.356
dbscSNV-ada_score,0.070,0.000,0.070,0.000,0.130,0.010,0.060,1.000,0.810,1.000,0.240,0.880,0.356
ppi_combined_47,0.000,0.000,0.050,0.000,0.180,0.010,0.020,0.450,0.730,1.000,1.000,0.820,0.355
gtex_Brain_-_Putamen_(basal_ganglia),0.000,0.000,0.150,0.000,0.320,0.000,0.020,0.110,0.850,1.000,1.000,0.810,0.355
num_interactions,0.000,0.000,0.020,0.000,0.180,0.010,0.030,0.630,0.390,1.000,1.000,1.000,0.355
after_ASA_8,0.000,0.500,0.010,0.000,0.300,0.000,0.020,0.800,1.000,1.000,0.060,0.570,0.355
MoRFchibiScore_aa_window_8_next,0.020,0.000,0.120,0.000,0.180,0.000,0.020,0.110,0.830,1.000,1.000,0.970,0.354
EncodeH3K4me2-max,0.000,0.000,0.030,0.000,0.200,0.000,0.020,0.840,0.560,1.000,0.900,0.680,0.353
GerpRS,0.010,0.000,0.010,0.000,0.420,0.010,0.030,0.870,0.320,1.000,0.570,1.000,0.353
after_IUPRED_3,0.030,0.000,0.080,0.000,0.330,0.000,0.030,0.710,0.730,1.000,0.330,1.000,0.353
gtex_Cells_-_EBV-transformed_lymphocytes,0.000,0.000,0.120,0.000,0.300,0.010,0.020,0.130,0.870,1.000,0.840,0.950,0.353
Conservation,0.400,0.000,0.020,0.000,0.510,0.020,0.130,0.000,0.480,1.000,0.660,1.000,0.352
ppi_combined_20,0.000,0.000,0.020,0.000,0.180,0.010,0.020,0.550,0.500,1.000,0.940,1.000,0.352
ASAquick_rawscore_aa_window_15_prev,0.010,0.000,0.080,0.000,0.200,0.000,0.020,0.340,0.700,1.000,0.980,0.890,0.352
GERPplus_plus_NR,0.000,0.000,0.020,0.000,0.240,0.010,0.020,0.990,0.600,1.000,0.790,0.550,0.352
cHmm_E3,0.000,0.040,0.020,0.000,0.170,0.000,0.020,1.000,0.980,1.000,0.790,0.210,0.352
gnomAD_genomes_AF,0.000,0.000,0.080,0.000,0.010,0.010,0.020,0.930,0.850,1.000,1.000,0.310,0.351
RSA,0.000,0.000,0.060,0.000,0.270,0.000,0.020,0.850,0.680,1.000,0.350,0.970,0.350
Clarks_distance,0.000,0.000,0.010,0.000,0.280,0.020,0.020,0.870,0.220,1.000,0.780,1.000,0.350
after_RSA_15,0.000,0.270,0.010,0.000,0.300,0.000,0.020,0.820,1.000,1.000,0.210,0.570,0.350
ASAquick_normscore_aa_window_15_prev,0.010,0.000,0.090,0.000,0.190,0.000,0.020,0.360,0.700,1.000,0.980,0.850,0.350
gtex_Brain_-_Hippocampus,0.000,0.000,0.060,0.000,0.280,0.000,0.020,0.100,0.870,1.000,1.000,0.860,0.349
S_DDG[SEQ],0.020,0.000,0.040,0.000,0.210,0.010,0.030,0.660,0.620,1.000,0.600,1.000,0.349
before_IUPRED_8,0.030,0.000,0.130,0.000,0.330,0.000,0.030,0.720,0.810,1.000,0.140,1.000,0.349
EncodetotalRNA-sum,0.010,0.000,0.020,0.000,0.160,0.010,0.020,0.760,0.420,1.000,0.770,1.000,0.348
SpliceAI-don-gain,0.010,0.000,0.020,0.000,0.120,0.010,0.030,0.950,0.530,1.000,0.630,0.880,0.348
before_ANCHOR_8,0.030,0.000,0.000,0.000,0.320,0.000,0.020,0.690,0.600,1.000,0.860,0.660,0.348
Indispensability_score,0.000,0.000,0.010,0.000,0.290,0.010,0.030,0.850,0.320,1.000,0.670,1.000,0.348
cHmm_E2,0.000,0.030,0.020,0.000,0.150,0.000,0.010,1.000,0.970,1.000,0.710,0.290,0.348
minDistTSE,0.000,0.000,0.010,0.000,0.230,0.010,0.030,0.530,0.400,1.000,0.960,0.980,0.346
gtex_Brain_-_Cortex,0.000,0.000,0.210,0.000,0.320,0.000,0.020,0.090,0.900,1.000,0.950,0.660,0.346
EncodeDNase-max,0.000,0.000,0.040,0.000,0.180,0.000,0.020,0.770,0.620,1.000,0.810,0.710,0.346
gtex_Colon_-_Sigmoid,0.010,0.000,0.060,0.000,0.300,0.000,0.020,0.140,0.850,1.000,0.980,0.780,0.345
cHmm_E21,0.010,0.170,0.000,0.000,0.180,0.000,0.020,0.890,0.980,1.000,0.610,0.270,0.344
gtex_Brain_-_Anterior_cingulate_cortex_(BA24),0.000,0.000,0.220,0.000,0.300,0.000,0.020,0.070,0.790,1.000,1.000,0.720,0.343
EncodeH3K79me2-sum,0.000,0.000,0.030,0.000,0.150,0.000,0.030,0.790,0.450,1.000,0.850,0.800,0.342
MoRFchibiScore_aa_window_15_next,0.030,0.000,0.080,0.000,0.220,0.000,0.020,0.110,0.820,1.000,1.000,0.820,0.342
ppi_combined_12,0.010,0.000,0.010,0.000,0.180,0.010,0.020,0.580,0.310,1.000,0.950,1.000,0.339
RVIS,0.000,0.000,0.010,0.000,0.240,0.010,0.030,0.860,0.300,1.000,0.600,1.000,0.338
gtex_Brain_-_Nucleus_accumbens_(basal_ganglia),0.000,0.000,0.010,0.000,0.320,0.000,0.020,0.100,0.750,1.000,1.000,0.860,0.338
gtex_Bladder,0.010,0.000,0.270,0.000,0.300,0.000,0.020,0.070,0.890,1.000,1.000,0.500,0.338
gtex_Brain_-_Frontal_Cortex_(BA9),0.000,0.000,0.110,0.000,0.320,0.000,0.020,0.090,0.900,1.000,1.000,0.620,0.338
after_ASA_15,0.000,0.270,0.010,0.000,0.300,0.000,0.020,0.790,1.000,1.000,0.210,0.460,0.338
EncodeH3K27me3-sum,0.000,0.000,0.020,0.000,0.210,0.010,0.020,0.800,0.500,1.000,0.550,0.930,0.337
Sngl10000bp,0.000,0.000,0.010,0.000,0.230,0.010,0.020,1.000,0.240,1.000,0.530,1.000,0.337
gtex_Artery_-_Aorta,0.010,0.000,0.060,0.000,0.310,0.000,0.020,0.050,0.880,1.000,1.000,0.720,0.337
polyphen_score1,0.080,0.020,0.000,0.000,0.160,0.010,0.030,0.430,1.000,1.000,0.490,0.830,0.337
rf_score,0.080,0.000,0.050,0.090,0.130,0.000,0.060,1.000,0.090,1.000,0.640,0.900,0.337
EncodeH3K4me1-sum,0.000,0.000,0.010,0.000,0.180,0.010,0.020,0.850,0.200,1.000,0.760,1.000,0.336
cHmm_E22,0.000,0.140,0.020,0.000,0.170,0.000,0.030,0.890,0.940,1.000,0.560,0.270,0.335
before_ANCHOR_3,0.030,0.000,0.150,0.000,0.320,0.000,0.030,0.700,0.790,1.000,0.130,0.870,0.335
gtex_Uterus,0.010,0.000,0.190,0.000,0.300,0.000,0.020,0.240,0.880,1.000,1.000,0.370,0.334
DisoPROscore_aa_window_8_prev,0.030,0.000,0.080,0.000,0.220,0.000,0.020,0.230,0.870,1.000,0.560,1.000,0.334
gtex_Kidney_-_Cortex,0.000,0.000,0.100,0.000,0.320,0.000,0.020,0.170,0.860,1.000,1.000,0.540,0.334
ppi_combined_63,0.000,0.000,0.030,0.000,0.190,0.000,0.020,0.410,0.490,1.000,1.000,0.870,0.334
gtex_Skin_-_Sun_Exposed_(Lower_leg),0.000,0.000,0.170,0.000,0.320,0.000,0.020,0.220,0.880,1.000,0.490,0.900,0.333
cHmm_E16,0.000,0.250,0.010,0.000,0.160,0.000,0.010,0.910,0.960,1.000,0.490,0.210,0.333
SiPhy_29way_logOdds,0.060,0.000,0.020,0.000,0.340,0.000,0.030,0.960,0.380,1.000,0.280,0.930,0.333
bStatistic_y,0.000,0.000,0.030,0.000,0.330,0.010,0.020,0.970,0.590,1.000,0.070,0.960,0.332
IUPRED2,0.030,0.000,0.000,0.000,0.310,0.000,0.060,0.730,0.030,1.000,0.860,0.970,0.332
gtex_Vagina,0.000,0.000,0.100,0.000,0.320,0.000,0.020,0.240,0.770,1.000,1.000,0.530,0.332
AF_Relative_ASA,0.050,0.000,0.010,0.000,0.290,0.000,0.070,0.730,0.140,1.000,0.690,1.000,0.332
cHmm_E9,0.000,0.050,0.000,0.000,0.150,0.000,0.020,0.940,0.980,1.000,0.650,0.200,0.332
after_RSA_3,0.000,0.060,0.000,0.000,0.290,0.000,0.020,0.830,1.000,1.000,0.270,0.510,0.332
cHmm_E17,0.000,0.060,0.010,0.000,0.140,0.000,0.010,0.910,0.970,1.000,0.660,0.220,0.332
MoRFchibiScore_aa_window_3_next,0.020,0.000,0.130,0.000,0.200,0.000,0.020,0.110,0.840,1.000,0.950,0.700,0.331
before_ASA_3,0.000,0.000,0.020,0.000,0.300,0.000,0.020,0.810,0.450,1.000,0.800,0.560,0.330
ppi_combined_22,0.000,0.000,0.030,0.000,0.170,0.010,0.020,0.540,0.720,1.000,1.000,0.470,0.330
n_contacts,0.050,0.000,0.020,0.000,0.220,0.010,0.050,0.670,0.670,1.000,0.330,0.940,0.330
gtex_Brain_-_Amygdala,0.000,0.000,0.110,0.000,0.300,0.000,0.020,0.070,0.800,1.000,1.000,0.650,0.329
gtex_Cells_-_Cultured_fibroblasts,0.000,0.000,0.100,0.000,0.300,0.000,0.020,0.120,0.880,1.000,1.000,0.530,0.329
SIFT_score,0.080,0.000,0.020,0.000,0.270,0.000,0.060,0.740,0.370,1.000,0.400,1.000,0.328
after_ASA_3,0.000,0.060,0.000,0.000,0.280,0.000,0.020,0.800,1.000,1.000,0.270,0.510,0.328
gtex_Minor_Salivary_Gland,0.000,0.000,0.060,0.000,0.310,0.000,0.020,0.190,0.760,1.000,0.780,0.800,0.327
gtex_Brain_-_Caudate_(basal_ganglia),0.000,0.000,0.180,0.000,0.300,0.000,0.020,0.080,0.850,1.000,0.720,0.770,0.327
ppi_combined_51,0.000,0.000,0.010,0.000,0.180,0.010,0.020,0.440,0.340,1.000,0.970,0.940,0.326
gtex_Skin_-_Not_Sun_Exposed_(Suprapubic),0.000,0.000,0.160,0.000,0.310,0.000,0.020,0.210,0.880,1.000,0.330,1.000,0.326
EncodeH3K9ac-sum,0.000,0.000,0.020,0.000,0.190,0.010,0.020,0.830,0.440,1.000,0.460,0.940,0.326
Freq10000bp,0.000,0.000,0.030,0.000,0.180,0.010,0.020,0.700,0.550,1.000,0.610,0.800,0.325
ASAquick_rawscore_aa,0.000,0.000,0.080,0.000,0.200,0.000,0.020,0.320,0.660,1.000,0.770,0.850,0.325
Consequence_first_2,0.000,0.000,0.050,0.000,0.020,0.000,0.070,0.760,0.780,1.000,0.610,0.610,0.325
EncodeH3K4me1-max,0.000,0.000,0.010,0.000,0.190,0.010,0.020,0.850,0.190,1.000,0.790,0.840,0.325
EncodeH3K4me3-sum,0.000,0.000,0.040,0.000,0.190,0.010,0.020,0.840,0.560,1.000,0.500,0.740,0.325
ppi_combined_28,0.000,0.000,0.020,0.000,0.180,0.010,0.020,0.530,0.490,1.000,0.960,0.680,0.324
MaxEntScan_diff,0.060,0.000,0.010,0.000,0.090,0.020,0.060,0.010,0.920,1.000,0.740,0.970,0.323
gtex_Brain_-_Cerebellar_Hemisphere,0.000,0.000,0.130,0.000,0.290,0.000,0.020,0.080,0.900,1.000,0.820,0.630,0.322
SCRIBERscore_aa_window_8_next,0.000,0.000,0.120,0.000,0.190,0.000,0.020,0.030,0.820,1.000,0.880,0.800,0.322
ppi_combined_38,0.000,0.000,0.030,0.000,0.170,0.010,0.020,0.490,0.590,1.000,0.880,0.670,0.322
polyphen_dscore,0.090,0.050,0.000,0.000,0.160,0.010,0.040,0.430,1.000,1.000,0.100,0.990,0.322
gtex_Brain_-_Substantia_nigra,0.000,0.000,0.070,0.000,0.340,0.000,0.020,0.120,0.780,1.000,0.570,0.950,0.321
gtex_Cervix_-_Endocervix,0.010,0.000,0.100,0.000,0.300,0.000,0.020,0.140,0.670,1.000,1.000,0.600,0.320
SpliceAI-acc-gain,0.010,0.000,0.010,0.000,0.130,0.000,0.040,0.750,0.310,1.000,0.880,0.710,0.320
DRNApredRNAscore_aa_window_8_prev,0.000,0.000,0.110,0.000,0.170,0.000,0.010,0.280,0.810,1.000,1.000,0.450,0.319
EncodetotalRNA-max,0.010,0.000,0.010,0.000,0.170,0.010,0.020,0.760,0.200,1.000,0.760,0.890,0.319
cHmm_E13,0.000,0.030,0.000,0.000,0.160,0.000,0.010,0.920,0.930,1.000,0.540,0.240,0.319
gtex_Artery_-_Tibial,0.010,0.000,0.110,0.000,0.290,0.000,0.020,0.060,0.890,1.000,1.000,0.440,0.318
gtex_Adipose_-_Visceral_(Omentum),0.000,0.000,0.300,0.000,0.300,0.000,0.020,0.050,0.900,1.000,0.620,0.630,0.318
Sngl1000bp,0.000,0.000,0.010,0.000,0.150,0.010,0.030,0.700,0.580,1.000,0.350,0.980,0.318
LRT_score,0.030,0.000,0.010,0.000,0.290,0.000,0.030,0.980,0.290,1.000,0.200,0.990,0.318
GERPplus_plus_RS,0.030,0.000,0.010,0.000,0.270,0.000,0.020,1.000,0.140,1.000,0.460,0.870,0.317
ppi_combined_27,0.000,0.000,0.020,0.000,0.170,0.010,0.020,0.530,0.350,1.000,0.960,0.740,0.317
EncodeH3K4me2-sum,0.000,0.000,0.030,0.000,0.170,0.000,0.020,0.840,0.550,1.000,0.520,0.670,0.317
DFLpredScore_aa_window_3_prev,0.000,0.000,0.080,0.000,0.160,0.000,0.010,0.320,0.730,1.000,0.890,0.600,0.316
gtex_Cervix_-_Ectocervix,0.000,0.000,0.140,0.000,0.310,0.000,0.020,0.130,0.840,1.000,1.000,0.350,0.316
EncodeH3K27ac-max,0.000,0.000,0.010,0.000,0.230,0.000,0.020,0.810,0.380,1.000,0.530,0.800,0.315
DisoRNAscore_aa_window_15_next,0.000,0.000,0.070,0.000,0.210,0.000,0.010,0.190,0.840,1.000,0.910,0.550,0.315
after_ANCHOR_15,0.030,0.000,0.010,0.000,0.310,0.000,0.020,0.680,0.110,1.000,0.880,0.730,0.314
cHmm_E18,0.000,0.060,0.010,0.000,0.150,0.000,0.010,0.910,0.940,1.000,0.530,0.160,0.314
NearestExonJB_distance,0.010,0.000,0.010,0.000,0.250,0.010,0.020,0.740,0.190,1.000,0.540,1.000,0.314
DisoDNAscore_aa_window_8_next,0.000,0.000,0.030,0.000,0.200,0.000,0.020,0.250,0.720,1.000,0.720,0.820,0.313
MMseq2_conservation_score_aa_window_8_prev,0.020,0.000,0.100,0.000,0.220,0.000,0.020,0.150,0.650,1.000,0.670,0.930,0.313
MMSp_exon,0.010,0.000,0.000,0.000,0.280,0.010,0.030,0.730,0.030,1.000,0.670,1.000,0.313
DisoPROscore_aa_window_15_prev,0.030,0.000,0.040,0.000,0.230,0.000,0.020,0.230,0.660,1.000,0.550,1.000,0.313
MMSp_acceptor,0.010,0.000,0.020,0.000,0.250,0.000,0.020,0.740,0.590,1.000,0.440,0.690,0.313
EncodeH3K9ac-max,0.000,0.000,0.010,0.000,0.180,0.000,0.020,0.820,0.390,1.000,0.570,0.770,0.313
ppi_combined_34,0.000,0.000,0.010,0.000,0.190,0.000,0.020,0.510,0.340,1.000,0.710,0.980,0.313
gtex_Adipose_-_Subcutaneous,0.000,0.000,0.090,0.000,0.310,0.000,0.020,0.040,0.900,1.000,1.000,0.380,0.312
gtex_Brain_-_Hypothalamus,0.010,0.000,0.000,0.000,0.310,0.000,0.020,0.100,0.310,1.000,1.000,1.000,0.312
gtex_Stomach,0.000,0.000,0.110,0.000,0.300,0.000,0.020,0.230,0.850,1.000,0.780,0.460,0.312
GDI,0.000,0.000,0.020,0.000,0.300,0.010,0.030,0.900,0.300,1.000,0.160,1.000,0.310
CDS_len,0.000,0.000,0.000,0.000,0.320,0.010,0.030,0.870,0.160,1.000,0.330,1.000,0.310
ppi_combined_5,0.000,0.000,0.030,0.000,0.170,0.000,0.020,0.610,0.670,1.000,0.660,0.560,0.310
DRNApredRNAscore_aa_window_15_prev,0.000,0.000,0.060,0.000,0.170,0.000,0.020,0.280,0.800,1.000,1.000,0.390,0.310
MoRFchibiScore_aa,0.020,0.000,0.010,0.000,0.200,0.000,0.020,0.100,0.830,1.000,0.940,0.590,0.309
Selective_pressure,0.000,0.000,0.000,0.000,0.300,0.010,0.020,0.880,0.080,1.000,0.410,1.000,0.308
DRNApredRNAscore_aa_window_3_next,0.000,0.000,0.140,0.000,0.170,0.000,0.010,0.280,0.830,1.000,0.740,0.520,0.308
cHmm_E12,0.000,0.050,0.010,0.000,0.150,0.000,0.020,0.930,0.950,1.000,0.370,0.210,0.308
GM12878_fitCons_score,0.000,0.000,0.020,0.000,0.200,0.010,0.020,1.000,0.440,1.000,0.470,0.520,0.307
DRNApredRNAscore_aa_window_3_prev,0.000,0.000,0.120,0.000,0.160,0.000,0.010,0.290,0.820,1.000,0.950,0.340,0.307
PSIPRED_helix_aa_window_15_prev,0.010,0.000,0.070,0.000,0.200,0.010,0.020,0.090,0.690,1.000,0.820,0.780,0.307
cHmm_E14,0.000,0.030,0.010,0.000,0.160,0.000,0.020,0.920,0.950,1.000,0.410,0.180,0.307
MMseq2_conservation_score_aa_window_8_next,0.020,0.000,0.070,0.000,0.210,0.000,0.010,0.140,0.710,1.000,0.690,0.820,0.306
ppi_combined_62,0.000,0.000,0.030,0.000,0.160,0.000,0.020,0.410,0.580,1.000,0.810,0.650,0.305
ppi_combined_49,0.000,0.000,0.020,0.000,0.180,0.000,0.020,0.440,0.450,1.000,0.990,0.560,0.305
gtex_Kidney_-_Medulla,0.000,0.000,0.020,0.000,0.320,0.000,0.020,0.170,0.500,1.000,0.940,0.690,0.305
cHmm_E25,0.000,0.020,0.010,0.000,0.160,0.000,0.010,0.880,0.930,1.000,0.350,0.290,0.304
cHmm_E10,0.000,0.070,0.010,0.000,0.160,0.000,0.020,0.940,0.960,1.000,0.270,0.220,0.304
ppi_combined_32,0.000,0.000,0.010,0.000,0.190,0.000,0.020,0.510,0.340,1.000,0.960,0.620,0.304
PSIPRED_helix_aa_window_15_next,0.010,0.000,0.060,0.000,0.190,0.000,0.020,0.080,0.650,1.000,0.980,0.650,0.303
cHmm_E19,0.010,0.090,0.000,0.000,0.170,0.000,0.010,0.900,0.940,1.000,0.340,0.170,0.302
SCRIBERscore_aa_window_3_next,0.000,0.000,0.090,0.000,0.200,0.000,0.020,0.030,0.820,1.000,0.950,0.510,0.302
DisoPROscore_aa_window_3_prev,0.030,0.000,0.120,0.000,0.230,0.000,0.030,0.230,0.860,1.000,0.390,0.730,0.302
MoRFchibiScore_aa_window_3_prev,0.020,0.000,0.100,0.000,0.200,0.000,0.020,0.130,0.660,1.000,0.930,0.550,0.301
cHmm_E23,0.000,0.060,0.010,0.000,0.170,0.000,0.030,0.890,0.970,1.000,0.260,0.220,0.301
cHmm_E6,0.000,0.060,0.000,0.000,0.180,0.000,0.020,0.960,0.950,1.000,0.240,0.200,0.301
haplo_imputed,0.000,0.000,0.020,0.000,0.240,0.010,0.020,0.260,0.470,1.000,0.610,0.980,0.301
DRNApredRNAscore_aa_window_8_next,0.000,0.000,0.100,0.000,0.210,0.000,0.010,0.270,0.840,1.000,0.730,0.450,0.301
MoRFchibiScore_aa_window_8_prev,0.020,0.000,0.030,0.000,0.210,0.000,0.020,0.120,0.630,1.000,0.910,0.670,0.301
HUVEC_fitCons_score,0.000,0.000,0.010,0.000,0.220,0.000,0.020,0.980,0.220,1.000,0.870,0.280,0.300
gtex_Testis,0.000,0.000,0.010,0.000,0.320,0.000,0.020,0.230,0.330,1.000,0.690,1.000,0.300
gtex_Fallopian_Tube,0.010,0.000,0.330,0.000,0.300,0.000,0.020,0.160,0.890,1.000,0.300,0.590,0.300
ppi_combined_19,0.000,0.000,0.020,0.000,0.180,0.010,0.020,0.560,0.540,1.000,0.450,0.810,0.299
polyphen_score2,0.040,0.040,0.010,0.000,0.110,0.010,0.030,0.430,1.000,1.000,0.090,0.830,0.299
priPhyloP,0.130,0.000,0.020,0.000,0.350,0.000,0.050,0.540,0.470,1.000,0.270,0.760,0.299
ppi_combined_2,0.000,0.000,0.030,0.000,0.170,0.000,0.020,0.620,0.590,1.000,0.390,0.760,0.298
gtex_Esophagus_-_Gastroesophageal_Junction,0.010,0.000,0.140,0.000,0.320,0.000,0.020,0.150,0.890,1.000,0.710,0.340,0.298
gtex_Esophagus_-_Muscularis,0.010,0.000,0.110,0.000,0.310,0.000,0.020,0.160,0.510,1.000,1.000,0.460,0.298
ppi_combined_14,0.000,0.000,0.040,0.000,0.200,0.000,0.020,0.580,0.740,1.000,0.620,0.370,0.298
gtex_Breast_-_Mammary_Tissue,0.000,0.000,0.090,0.000,0.310,0.000,0.020,0.120,0.410,1.000,1.000,0.610,0.297
ASAquick_rawscore_aa_window_15_next,0.000,0.000,0.020,0.000,0.200,0.000,0.010,0.320,0.510,1.000,0.800,0.700,0.297
NearestExonJB_len,0.010,0.000,0.010,0.000,0.410,0.000,0.020,0.740,0.180,1.000,0.190,1.000,0.297
COSMICvsHAPMAP,0.000,0.000,0.010,0.000,0.170,0.000,0.020,0.630,0.920,1.000,0.230,0.570,0.296
EncodeH2AFZ-max,0.000,0.000,0.020,0.000,0.220,0.010,0.020,0.770,0.610,1.000,0.050,0.840,0.295
gtex_Whole_Blood,0.000,0.000,0.020,0.000,0.290,0.010,0.020,0.250,0.390,1.000,0.550,1.000,0.294
ppi_combined_30,0.000,0.000,0.040,0.000,0.160,0.000,0.020,0.520,0.600,1.000,0.740,0.440,0.293
DisoRNAscore_aa_window_3_prev,0.000,0.000,0.040,0.000,0.180,0.000,0.010,0.210,0.810,1.000,0.930,0.330,0.293
ppi_combined_33,0.000,0.000,0.000,0.000,0.170,0.010,0.020,0.510,0.060,1.000,0.990,0.760,0.293
ppi_combined_31,0.000,0.000,0.010,0.000,0.190,0.000,0.020,0.520,0.270,1.000,0.970,0.540,0.293
ppi_combined_29,0.000,0.000,0.010,0.000,0.160,0.000,0.020,0.530,0.200,1.000,0.970,0.610,0.292
minDistTSS,0.000,0.000,0.010,0.000,0.260,0.010,0.020,0.520,0.210,1.000,0.480,0.990,0.292
RNA_binding_gbind,0.000,0.000,0.030,0.000,0.150,0.000,0.010,0.970,0.510,1.000,0.600,0.230,0.292
gtex_Pituitary,0.000,0.000,0.000,0.000,0.320,0.000,0.020,0.210,0.000,1.000,1.000,0.950,0.292
polyphen_idqmin,0.030,0.000,0.030,0.000,0.120,0.010,0.030,0.490,0.560,1.000,0.540,0.700,0.292
ASAquick_normscore_aa_window_8_prev,0.010,0.000,0.030,0.000,0.210,0.000,0.020,0.370,0.750,1.000,0.400,0.710,0.292
GenoCanyon_score,0.010,0.000,0.020,0.000,0.260,0.000,0.030,1.000,0.390,1.000,0.310,0.470,0.291
cHmm_E1,0.000,0.040,0.010,0.000,0.180,0.000,0.010,0.990,0.960,1.000,0.120,0.180,0.291
DisoRNAscore_aa_window_8_next,0.000,0.000,0.060,0.000,0.170,0.000,0.010,0.190,0.830,1.000,0.830,0.400,0.291
before_IUPRED_15,0.030,0.000,0.000,0.000,0.330,0.000,0.030,0.710,0.200,1.000,0.280,0.900,0.290
EncodeH3K79me2-max,0.000,0.000,0.010,0.000,0.170,0.000,0.020,0.780,0.410,1.000,0.320,0.770,0.290
MMSp_donor,0.030,0.000,0.000,0.000,0.180,0.040,0.030,0.730,0.140,1.000,0.390,0.940,0.290
DFLpredScore_aa_window_15_next,0.000,0.000,0.020,0.000,0.200,0.000,0.020,0.300,0.430,1.000,0.880,0.630,0.290
ada_score,0.070,0.000,0.080,0.000,0.120,0.010,0.070,0.020,0.860,1.000,0.240,1.000,0.289
ppi_combined_24,0.000,0.000,0.010,0.000,0.170,0.000,0.020,0.540,0.280,1.000,1.000,0.450,0.289
RSA_Zfit,0.000,0.000,0.000,0.000,0.310,0.010,0.020,0.840,0.150,1.000,0.280,0.860,0.289
VB,0.000,0.000,0.040,0.000,0.120,0.010,0.020,0.650,0.730,1.000,0.560,0.330,0.288
gtex_Brain_-_Cerebellum,0.000,0.000,0.080,0.000,0.300,0.000,0.020,0.090,0.900,1.000,0.430,0.630,0.288
Dist2Mutation,0.000,0.000,0.000,0.000,0.200,0.010,0.020,0.720,0.070,1.000,0.660,0.770,0.288
EncodeH4K20me1-sum,0.000,0.000,0.010,0.000,0.200,0.010,0.020,0.780,0.280,1.000,0.340,0.820,0.288
gtex_Brain_-_Spinal_cord_(cervical_c-1),0.000,0.000,0.010,0.000,0.300,0.010,0.020,0.110,0.020,1.000,0.990,1.000,0.288
Sngl100bp,0.020,0.000,0.020,0.000,0.180,0.000,0.020,0.710,0.570,1.000,0.360,0.570,0.288
STABILITY[SEQ]_Decrease,0.150,0.000,0.060,0.000,0.110,0.000,0.090,0.350,0.610,1.000,0.840,0.220,0.286
MMseq2_conservation_score_aa_window_15_next,0.020,0.000,0.060,0.000,0.230,0.000,0.020,0.130,0.710,1.000,0.700,0.560,0.286
ASAquick_normscore_aa_window_15_next,0.010,0.000,0.030,0.000,0.200,0.000,0.020,0.350,0.520,1.000,0.810,0.480,0.285
REGION_DESCRIPTION_0,0.000,0.000,0.080,0.000,0.000,0.000,0.010,0.600,0.770,1.000,0.900,0.060,0.285
RemapOverlapTF,0.010,0.000,0.040,0.000,0.090,0.000,0.020,0.690,0.500,1.000,0.680,0.380,0.284
COSMIC,0.000,0.000,0.020,0.000,0.160,0.000,0.020,0.640,0.930,1.000,0.330,0.310,0.284
ppi_combined_16,0.000,0.000,0.020,0.000,0.190,0.000,0.020,0.570,0.590,1.000,0.180,0.830,0.283
EncodeH3K27me3-max,0.000,0.000,0.010,0.000,0.210,0.000,0.020,0.800,0.250,1.000,0.290,0.810,0.283
cHmm_E24,0.000,0.040,0.010,0.000,0.150,0.000,0.020,0.880,0.940,1.000,0.140,0.210,0.283
ppi_combined_13,0.000,0.000,0.020,0.000,0.170,0.000,0.020,0.580,0.440,1.000,0.430,0.740,0.283
ASAquick_normscore_aa,0.000,0.000,0.050,0.000,0.180,0.000,0.020,0.350,0.630,1.000,0.760,0.410,0.283
HAPMAP,0.000,0.000,0.010,0.000,0.130,0.000,0.020,0.640,0.920,1.000,0.260,0.410,0.283
HGMD2003,0.010,0.000,0.010,0.000,0.170,0.010,0.030,0.660,0.240,1.000,0.320,0.950,0.283
SCRIBERscore_aa_window_3_prev,0.000,0.000,0.030,0.000,0.190,0.000,0.010,0.040,0.740,1.000,0.960,0.430,0.283
ppi_combined_58,0.000,0.000,0.000,0.000,0.170,0.010,0.020,0.500,0.070,1.000,0.700,0.910,0.282
REGION_DESCRIPTION_8,0.000,0.000,0.040,0.000,0.000,0.000,0.010,0.570,0.760,1.000,0.900,0.100,0.282
cHmm_E11,0.000,0.050,0.000,0.000,0.160,0.000,0.010,0.930,0.940,1.000,0.110,0.170,0.281
Consequence_first_1,0.010,0.000,0.040,0.000,0.020,0.000,0.050,0.760,0.630,1.000,0.620,0.240,0.281
EncodeH3K9me3-sum,0.020,0.000,0.000,0.000,0.200,0.010,0.020,0.820,0.070,1.000,0.220,1.000,0.280
EncodeH3K27ac-sum,0.000,0.000,0.000,0.000,0.220,0.000,0.020,0.810,0.100,1.000,0.350,0.860,0.280
DisoRNAscore_aa_window_8_prev,0.000,0.000,0.040,0.000,0.180,0.000,0.010,0.200,0.800,1.000,0.430,0.700,0.280
DRNApredDNAscore_aa_window_3_next,0.000,0.000,0.030,0.000,0.160,0.000,0.020,0.390,0.700,1.000,0.720,0.340,0.280
ASAquick_normscore_aa_window_3_prev,0.010,0.000,0.050,0.000,0.190,0.000,0.010,0.370,0.620,1.000,0.530,0.570,0.279
DisoPROscore_aa_window_8_next,0.030,0.000,0.050,0.000,0.240,0.000,0.020,0.220,0.560,1.000,0.440,0.790,0.279
PAM250,0.020,0.000,0.030,0.000,0.160,0.000,0.030,0.660,0.460,1.000,0.300,0.670,0.278
rel_CDS_pos,0.000,0.000,0.000,0.000,0.270,0.000,0.060,0.880,0.150,1.000,0.040,0.940,0.278
gtex_Prostate,0.000,0.000,0.020,0.000,0.310,0.000,0.020,0.210,0.400,1.000,0.840,0.540,0.278
PSIPRED_strand_aa_window_15_next,0.000,0.000,0.050,0.000,0.200,0.000,0.020,0.050,0.650,1.000,0.970,0.400,0.278
integrated_fitCons_score,0.000,0.000,0.020,0.000,0.210,0.000,0.020,0.920,0.400,1.000,0.410,0.360,0.278
DisoPROscore_aa_window_3_next,0.030,0.000,0.010,0.000,0.230,0.000,0.020,0.220,0.400,1.000,0.640,0.790,0.278
MMseq2_conservation_level_aa_window_8_prev,0.040,0.000,0.040,0.000,0.190,0.000,0.020,0.180,0.620,1.000,0.930,0.300,0.277
gtex_Lung,0.000,0.000,0.050,0.000,0.320,0.000,0.020,0.180,0.740,1.000,0.190,0.810,0.276
ppi_combined_18,0.000,0.000,0.000,0.000,0.190,0.010,0.020,0.560,0.090,1.000,0.470,0.970,0.276
distance_com,0.020,0.000,0.010,0.000,0.200,0.010,0.020,0.670,0.290,1.000,0.280,0.810,0.276
ppi_combined_43,0.000,0.000,0.010,0.000,0.170,0.000,0.020,0.470,0.220,1.000,0.590,0.830,0.276
ppi_combined_60,0.000,0.000,0.020,0.000,0.170,0.010,0.020,0.420,0.570,1.000,0.310,0.790,0.276
ppi_combined_23,0.000,0.000,0.000,0.000,0.180,0.010,0.020,0.540,0.020,1.000,0.740,0.790,0.275
before_RSA_3,0.000,0.000,0.000,0.000,0.270,0.000,0.020,0.840,0.000,1.000,0.460,0.710,0.275
ppi_combined_7,0.000,0.000,0.000,0.000,0.190,0.020,0.020,0.600,0.060,1.000,0.410,1.000,0.275
DFLpredScore_aa_window_8_next,0.000,0.000,0.020,0.000,0.190,0.000,0.020,0.300,0.440,1.000,0.890,0.430,0.274
STABILITY[3D]_Decrease,0.100,0.000,0.060,0.000,0.080,0.000,0.070,0.340,0.700,1.000,0.770,0.170,0.274
ASAquick_rawscore_aa_window_3_next,0.000,0.000,0.030,0.000,0.200,0.000,0.020,0.330,0.580,1.000,0.760,0.370,0.274
gtex_Nerve_-_Tibial,0.000,0.000,0.010,0.000,0.300,0.000,0.020,0.190,0.380,1.000,1.000,0.380,0.273
isHomomultimer,0.000,0.000,0.020,0.000,0.040,0.000,0.030,0.640,0.400,1.000,0.990,0.150,0.272
ppi_combined_59,0.000,0.000,0.010,0.000,0.160,0.000,0.020,0.550,0.190,1.000,0.910,0.430,0.272
ppi_combined_26,0.000,0.000,0.030,0.000,0.180,0.000,0.020,0.540,0.490,1.000,0.320,0.680,0.272
gtex_Ovary,0.000,0.000,0.020,0.000,0.310,0.000,0.020,0.200,0.640,1.000,0.510,0.560,0.272
ppi_combined_54,0.000,0.000,0.040,0.000,0.200,0.010,0.020,0.420,0.570,1.000,0.460,0.530,0.271
CpG,0.000,0.000,0.010,0.000,0.190,0.000,0.030,0.500,0.160,1.000,0.820,0.540,0.271
DisoRNAscore_aa_window_3_next,0.000,0.000,0.040,0.000,0.200,0.000,0.010,0.200,0.520,1.000,0.930,0.350,0.271
DisoDNAscore_aa_window_15_next,0.000,0.000,0.020,0.000,0.190,0.000,0.020,0.240,0.710,1.000,0.390,0.670,0.270
MMseq2_conservation_score_aa_window_3_prev,0.030,0.000,0.040,0.000,0.190,0.000,0.020,0.150,0.520,1.000,0.660,0.630,0.270
Grantham_x,0.020,0.000,0.010,0.000,0.150,0.000,0.020,0.750,0.190,1.000,0.500,0.600,0.270
ppi_combined_6,0.000,0.000,0.020,0.000,0.170,0.000,0.020,0.610,0.430,1.000,0.480,0.480,0.268
rel_prot_pos,0.000,0.000,0.010,0.000,0.270,0.000,0.010,0.880,0.230,1.000,0.190,0.620,0.268
ppi_combined_45,0.000,0.000,0.000,0.000,0.170,0.000,0.020,0.460,0.230,1.000,0.840,0.500,0.268
REGION_DESCRIPTION_6,0.000,0.000,0.020,0.000,0.020,0.000,0.010,0.580,0.640,1.000,0.860,0.090,0.268
DisoPROscore_aa_window_15_next,0.030,0.000,0.020,0.000,0.240,0.000,0.030,0.220,0.340,1.000,0.640,0.690,0.268
ppi_combined_56,0.000,0.000,0.010,0.000,0.180,0.010,0.020,0.420,0.260,1.000,0.570,0.740,0.268
cHmm_E5,0.000,0.030,0.010,0.000,0.180,0.000,0.010,0.970,0.950,0.500,0.220,0.330,0.267
ppi_combined_55,0.000,0.000,0.010,0.000,0.170,0.000,0.020,0.420,0.300,1.000,0.620,0.660,0.267
gtex_Pancreas,0.000,0.000,0.030,0.000,0.310,0.010,0.020,0.200,0.690,1.000,0.030,0.910,0.267
DFLpredScore_aa_window_15_prev,0.000,0.000,0.020,0.000,0.180,0.000,0.010,0.310,0.490,1.000,0.670,0.510,0.266
polyphen_idpmax,0.040,0.000,0.030,0.000,0.070,0.000,0.030,0.480,0.530,1.000,0.390,0.620,0.266
H1_hESC_fitCons_score,0.000,0.000,0.020,0.000,0.210,0.000,0.020,1.000,0.390,1.000,0.160,0.380,0.265
MMseq2_conservation_score_aa_window_3_next,0.030,0.000,0.020,0.000,0.230,0.000,0.020,0.140,0.450,1.000,0.700,0.590,0.265
ppi_combined_53,0.000,0.000,0.010,0.000,0.170,0.000,0.020,0.430,0.310,1.000,0.450,0.780,0.264
MMseq2_conservation_level_aa_window_8_next,0.040,0.000,0.030,0.000,0.200,0.000,0.020,0.160,0.700,1.000,0.680,0.340,0.264
ppi_combined_17,0.000,0.000,0.020,0.000,0.180,0.000,0.020,0.560,0.430,1.000,0.470,0.490,0.264
phastCons30way_mammalian,0.020,0.000,0.000,0.000,0.230,0.000,0.070,0.910,0.040,1.000,0.170,0.730,0.264
ppi_combined_36,0.000,0.000,0.020,0.000,0.180,0.000,0.020,0.490,0.500,1.000,0.430,0.520,0.263
Charge,0.000,0.000,0.030,0.000,0.110,0.000,0.020,0.680,0.670,1.000,0.220,0.430,0.263
phyloP30way_mammalian,0.020,0.000,0.010,0.000,0.240,0.000,0.020,0.900,0.150,1.000,0.100,0.690,0.261
BIOTYPE_lncRNA,0.000,0.320,0.030,0.000,0.000,0.000,0.000,0.410,0.990,1.000,0.280,0.100,0.261
ASAquick_rawscore_aa_window_3_prev,0.000,0.000,0.030,0.000,0.170,0.000,0.020,0.340,0.610,1.000,0.520,0.440,0.261
ppi_combined_10,0.000,0.000,0.000,0.000,0.190,0.000,0.020,0.590,0.110,1.000,0.830,0.380,0.260
ppi_combined_52,0.000,0.000,0.030,0.000,0.180,0.000,0.020,0.430,0.540,1.000,0.600,0.320,0.260
MMseq2_conservation_level_aa_window_15_next,0.030,0.000,0.030,0.000,0.210,0.000,0.020,0.160,0.700,1.000,0.470,0.490,0.259
ppi_combined_15,0.000,0.000,0.030,0.000,0.170,0.000,0.020,0.570,0.500,1.000,0.210,0.610,0.259
DRNApredDNAscore_aa_window_8_next,0.000,0.000,0.010,0.000,0.190,0.000,0.010,0.380,0.270,1.000,0.710,0.520,0.258
DisoDNAscore_aa_window_3_prev,0.000,0.000,0.030,0.000,0.180,0.000,0.010,0.260,0.330,1.000,0.870,0.410,0.258
ppi_combined_25,0.000,0.000,0.000,0.000,0.180,0.000,0.020,0.530,0.090,1.000,0.400,0.880,0.258
gtex_Muscle_-_Skeletal,0.000,0.000,0.010,0.000,0.310,0.010,0.020,0.190,0.290,1.000,0.350,0.910,0.258
Rare1000bp,0.000,0.000,0.010,0.000,0.150,0.000,0.040,0.700,0.370,1.000,0.460,0.350,0.257
Ex,0.020,0.000,0.010,0.000,0.150,0.000,0.030,0.670,0.380,1.000,0.090,0.730,0.257
haplo,0.000,0.000,0.000,0.000,0.180,0.010,0.020,0.250,0.060,1.000,0.730,0.830,0.257
tOverlapMotifs,0.000,0.000,0.000,0.000,0.090,0.000,0.000,0.860,0.070,1.000,1.000,0.060,0.257
MMSp_acceptorIntron,0.000,0.000,0.010,0.000,0.250,0.000,0.010,0.740,0.180,1.000,0.550,0.330,0.256
ppi_combined_4,0.000,0.000,0.000,0.000,0.190,0.000,0.020,0.610,0.060,1.000,0.690,0.500,0.256
phyloP17way_primate,0.010,0.000,0.000,0.000,0.230,0.000,0.020,0.900,0.010,1.000,0.180,0.720,0.256
DFLpredScore_aa_window_8_prev,0.000,0.000,0.050,0.000,0.180,0.000,0.020,0.310,0.500,1.000,0.680,0.310,0.254
ppi_combined_11,0.000,0.000,0.020,0.000,0.170,0.010,0.020,0.590,0.500,1.000,0.210,0.530,0.254
gtex_Heart_-_Atrial_Appendage,0.000,0.000,0.010,0.000,0.320,0.000,0.020,0.160,0.280,1.000,0.370,0.860,0.252
ASAquick_normscore_aa_window_8_next,0.010,0.000,0.000,0.000,0.200,0.000,0.020,0.350,0.050,1.000,0.720,0.680,0.252
PTM,0.000,0.000,0.050,0.000,0.020,0.000,0.000,0.770,0.550,1.000,0.590,0.050,0.252
mirSVR-Score,0.000,0.000,0.020,0.000,0.010,0.000,0.010,0.990,0.360,1.000,0.440,0.200,0.252
MMseq2_conservation_level_aa,0.040,0.000,0.040,0.000,0.210,0.000,0.030,0.160,0.470,1.000,0.770,0.300,0.252
DRNApredDNAscore_aa_window_15_next,0.000,0.000,0.040,0.000,0.210,0.000,0.010,0.380,0.710,1.000,0.340,0.340,0.252
JM,0.010,0.000,0.010,0.000,0.140,0.000,0.030,0.660,0.180,1.000,0.510,0.480,0.252
REGION_DESCRIPTION_4,0.000,0.000,0.020,0.000,0.020,0.000,0.010,0.590,0.460,1.000,0.810,0.100,0.251
ppi_combined_42,0.000,0.000,0.020,0.000,0.150,0.000,0.020,0.470,0.440,1.000,0.220,0.690,0.251
DisoRNAscore_aa,0.000,0.000,0.040,0.000,0.190,0.000,0.010,0.180,0.540,1.000,0.730,0.320,0.251
ppi_combined_3,0.000,0.000,0.010,0.000,0.180,0.000,0.020,0.620,0.290,1.000,0.510,0.370,0.250
ppi_combined_21,0.000,0.000,0.030,0.000,0.180,0.000,0.020,0.550,0.510,1.000,0.200,0.510,0.250
ASAquick_normscore_aa_window_3_next,0.010,0.000,0.010,0.000,0.180,0.000,0.020,0.360,0.190,1.000,0.740,0.490,0.250
SCRIBERscore_aa_window_15_prev,0.000,0.000,0.010,0.000,0.220,0.000,0.020,0.040,0.460,1.000,0.230,1.000,0.248
MOD_RES,0.000,0.000,0.060,0.000,0.100,0.000,0.010,0.630,0.380,1.000,0.640,0.150,0.248
ppi_combined_35,0.000,0.000,0.020,0.000,0.190,0.010,0.020,0.500,0.420,1.000,0.150,0.660,0.248
ppi_combined_1,0.000,0.000,0.000,0.000,0.190,0.000,0.020,0.630,0.000,1.000,0.680,0.450,0.248
ProteinLengthChange,0.000,0.000,0.010,0.000,0.240,0.000,0.010,0.010,0.290,1.000,1.000,0.400,0.247
MMseq2_conservation_score_aa_window_15_prev,0.020,0.000,0.030,0.000,0.200,0.000,0.020,0.150,0.360,1.000,0.430,0.760,0.247
DRNApredRNAscore_aa_window_15_next,0.000,0.000,0.000,0.000,0.190,0.000,0.010,0.270,0.100,1.000,0.490,0.900,0.247
MOD_RES_DESCRIPTION_0,0.000,0.000,0.120,0.000,0.000,0.000,0.000,0.620,0.560,1.000,0.630,0.030,0.247
Hydrophobicity,0.000,0.000,0.010,0.000,0.150,0.000,0.020,0.670,0.180,1.000,0.450,0.480,0.247
MMseq2_conservation_level_aa_window_3_next,0.040,0.000,0.030,0.000,0.220,0.000,0.020,0.170,0.460,1.000,0.760,0.240,0.245
Phosphorylation,0.000,0.000,0.030,0.000,0.000,0.000,0.000,0.790,0.550,1.000,0.520,0.040,0.244
DNA_binding_gbind,0.000,0.000,0.020,0.000,0.150,0.000,0.020,0.550,0.500,1.000,0.410,0.280,0.244
DisoDNAscore_aa_window_15_prev,0.000,0.000,0.010,0.000,0.180,0.000,0.010,0.250,0.300,1.000,0.770,0.410,0.244
S_DDG[3D],0.010,0.000,0.010,0.000,0.160,0.010,0.020,0.660,0.310,1.000,0.100,0.650,0.244
DRNApredDNAscore_aa_window_8_prev,0.000,0.000,0.020,0.000,0.190,0.000,0.010,0.390,0.370,1.000,0.470,0.480,0.244
MoRFchibiScore_aa_window_15_prev,0.030,0.000,0.000,0.000,0.210,0.000,0.020,0.120,0.030,1.000,0.670,0.840,0.243
MaxEntScan_alt,0.040,0.000,0.010,0.000,0.090,0.000,0.030,0.010,0.920,1.000,0.100,0.710,0.243
DFLpredScore_aa_window_3_next,0.000,0.000,0.040,0.000,0.170,0.000,0.010,0.300,0.720,1.000,0.260,0.410,0.243
ppi_combined_46,0.000,0.000,0.000,0.000,0.170,0.000,0.020,0.460,0.120,1.000,0.290,0.850,0.243
STABILITY[SEQ]_Neutral,0.000,0.000,0.020,0.000,0.000,0.000,0.040,0.340,0.500,1.000,0.840,0.160,0.242
PSIPRED_strand_aa_window_15_prev,0.000,0.000,0.050,0.000,0.180,0.000,0.020,0.060,0.680,1.000,0.500,0.390,0.240
Ubiquitination,0.000,0.000,0.020,0.000,0.010,0.000,0.000,0.780,0.540,1.000,0.510,0.020,0.240
SCRIBERscore_aa_window_8_prev,0.000,0.000,0.000,0.000,0.190,0.000,0.020,0.040,0.040,1.000,0.940,0.640,0.239
REGION_DESCRIPTION_3,0.000,0.000,0.030,0.000,0.000,0.000,0.010,0.590,0.630,1.000,0.540,0.070,0.239
ASAquick_rawscore_aa_window_8_prev,0.000,0.000,0.030,0.000,0.210,0.000,0.020,0.340,0.740,0.500,0.500,0.520,0.238
DRNApredDNAscore_aa,0.000,0.000,0.010,0.000,0.180,0.010,0.010,0.370,0.270,1.000,0.380,0.620,0.238
MMSp_donorIntron,0.000,0.000,0.000,0.000,0.250,0.000,0.010,0.730,0.050,1.000,0.450,0.360,0.238
STABILITY[SEQ]_Increase,0.000,0.000,0.020,0.000,0.010,0.000,0.020,0.350,0.510,1.000,0.830,0.100,0.237
DisoDNAscore_aa_window_8_prev,0.000,0.000,0.000,0.000,0.200,0.000,0.010,0.260,0.040,1.000,0.870,0.470,0.237
gtex_Heart_-_Left_Ventricle,0.000,0.000,0.010,0.000,0.310,0.000,0.020,0.170,0.280,1.000,0.360,0.680,0.236
ppi_combined_57,0.000,0.000,0.020,0.000,0.160,0.000,0.020,0.500,0.450,1.000,0.150,0.530,0.236
ppi_combined_61,0.000,0.000,0.000,0.000,0.190,0.010,0.020,0.410,0.120,1.000,0.070,0.990,0.234
DisoDNAscore_aa_window_3_next,0.000,0.000,0.020,0.000,0.190,0.000,0.010,0.250,0.320,1.000,0.510,0.500,0.233
SCRIBERscore_aa_window_15_next,0.000,0.000,0.060,0.000,0.190,0.000,0.020,0.030,0.710,1.000,0.140,0.650,0.233
polyphen_nobs,0.020,0.000,0.010,0.000,0.100,0.020,0.020,0.440,0.300,1.000,0.230,0.640,0.232
REGION_DESCRIPTION_5,0.000,0.000,0.010,0.000,0.000,0.000,0.010,0.580,0.270,1.000,0.850,0.060,0.232
MMseq2_conservation_level_aa_window_3_prev,0.040,0.000,0.020,0.000,0.190,0.000,0.020,0.180,0.470,1.000,0.570,0.290,0.232
STABILITY[3D]_Neutral,0.000,0.000,0.040,0.000,0.020,0.000,0.080,0.330,0.690,1.000,0.360,0.240,0.230
Mg2+_binding_gbind,0.000,0.000,0.010,0.000,0.140,0.000,0.020,0.940,0.260,1.000,0.160,0.230,0.230
ppi_combined_41,0.000,0.000,0.010,0.000,0.190,0.000,0.020,0.470,0.360,1.000,0.310,0.390,0.229
PSIPRED_strand_aa_window_8_prev,0.000,0.000,0.040,0.000,0.180,0.000,0.020,0.070,0.660,1.000,0.490,0.290,0.229
NMD_NMD_escaping_variant,0.050,0.000,0.000,0.000,0.090,0.000,0.070,0.390,0.080,1.000,0.790,0.280,0.229
polyphen_idpsnp,0.010,0.000,0.020,0.000,0.010,0.000,0.020,0.490,0.520,1.000,0.440,0.230,0.228
motifEHIPos,0.000,0.000,0.010,0.000,0.000,0.000,0.000,0.510,0.320,1.000,0.820,0.070,0.228
A3D_SCORE,0.000,0.000,0.010,0.000,0.080,0.000,0.020,0.680,0.360,1.000,0.200,0.360,0.226
ppi_combined_9,0.000,0.000,0.000,0.000,0.180,0.010,0.020,0.590,0.010,1.000,0.240,0.660,0.226
ppi_combined_8,0.000,0.000,0.010,0.000,0.180,0.010,0.020,0.600,0.140,1.000,0.010,0.740,0.226
gtex_Artery_-_Coronary,0.010,0.000,0.050,0.000,0.310,0.000,0.020,0.060,0.410,1.000,0.360,0.490,0.226
PSIPRED_helix_aa_window_8_prev,0.010,0.000,0.030,0.000,0.170,0.000,0.020,0.090,0.650,1.000,0.180,0.550,0.225
REGION_DESCRIPTION_7,0.000,0.000,0.010,0.000,0.000,0.000,0.010,0.570,0.240,1.000,0.800,0.060,0.224
DisoPROscore_aa,0.030,0.000,0.000,0.000,0.230,0.000,0.020,0.210,0.030,1.000,0.240,0.930,0.224
Freq1000bp,0.000,0.000,0.010,0.000,0.180,0.000,0.020,0.710,0.330,1.000,0.170,0.260,0.223
DRNApredDNAscore_aa_window_3_prev,0.000,0.000,0.000,0.000,0.170,0.000,0.010,0.400,0.110,1.000,0.380,0.600,0.222
Transition,0.000,0.000,0.010,0.000,0.150,0.000,0.020,0.650,0.170,1.000,0.370,0.300,0.222
REGION_DESCRIPTION_1,0.000,0.000,0.020,0.000,0.000,0.000,0.010,0.600,0.410,1.000,0.520,0.100,0.222
Dst2SplType_DONOR,0.000,0.000,0.020,0.000,0.010,0.000,0.020,0.330,0.530,1.000,0.590,0.150,0.221
motifDist,0.000,0.000,0.000,0.000,0.100,0.000,0.000,0.850,0.020,1.000,0.600,0.070,0.220
MMseq2_conservation_score_aa,0.040,0.000,0.020,0.000,0.230,0.000,0.020,0.130,0.460,1.000,0.090,0.640,0.219
DRNApredDNAscore_aa_window_15_prev,0.000,0.000,0.000,0.000,0.190,0.000,0.010,0.390,0.120,1.000,0.380,0.540,0.219
EnsembleRegulatoryFeature_Promoter Flanking Region,0.000,0.000,0.020,0.000,0.020,0.000,0.010,0.310,0.370,1.000,0.780,0.110,0.218
Ca2+_binding_gbind,0.000,0.000,0.010,0.000,0.170,0.000,0.020,0.550,0.250,1.000,0.320,0.300,0.218
MMseq2_conservation_level_aa_window_15_prev,0.030,0.000,0.020,0.000,0.200,0.000,0.030,0.170,0.350,1.000,0.180,0.640,0.218
COSMICvsSWISSPROT,0.000,0.000,0.000,0.000,0.180,0.000,0.020,0.640,0.000,1.000,0.320,0.460,0.218
gtex_Adrenal_Gland,0.000,0.000,0.000,0.000,0.320,0.000,0.020,0.050,0.010,1.000,0.450,0.760,0.218
EnsembleRegulatoryFeature_CTCF Binding Site,0.000,0.000,0.010,0.000,0.010,0.000,0.010,0.320,0.330,1.000,0.800,0.110,0.216
AF_dssp_secondary_structure_E,0.020,0.000,0.020,0.000,0.020,0.000,0.010,0.380,0.420,1.000,0.640,0.070,0.215
REQUIRED_FOR_INTER,0.000,0.000,0.010,0.000,0.000,0.000,0.010,0.560,0.330,1.000,0.530,0.130,0.214
gnomsingle_mutcount,0.010,0.000,0.000,0.000,0.170,0.000,0.020,0.650,0.080,1.000,0.370,0.260,0.213
Polarity,0.000,0.000,0.010,0.000,0.150,0.010,0.020,0.670,0.250,1.000,0.050,0.400,0.213
DRNApredRNAscore_aa,0.000,0.000,0.000,0.000,0.190,0.000,0.020,0.270,0.120,1.000,0.650,0.300,0.212
Volume,0.000,0.000,0.010,0.000,0.180,0.000,0.020,0.680,0.200,1.000,0.140,0.320,0.212
TSSDistance,0.000,0.000,0.020,0.000,0.030,0.000,0.010,0.010,0.540,1.000,0.700,0.240,0.212
BIOTYPE_promoter_flanking_region,0.000,0.080,0.020,0.000,0.000,0.000,0.000,0.400,0.980,1.000,0.020,0.050,0.212
BIOTYPE_unprocessed_pseudogene,0.000,0.080,0.020,0.000,0.000,0.000,0.000,0.390,0.990,1.000,0.030,0.030,0.212
RemapOverlapCL,0.010,0.000,0.010,0.000,0.070,0.000,0.020,0.690,0.240,0.500,0.560,0.440,0.212
DisoDNAscore_aa,0.000,0.000,0.000,0.000,0.200,0.000,0.020,0.240,0.140,1.000,0.630,0.320,0.212
gtex_Thyroid,0.000,0.000,0.010,0.000,0.310,0.000,0.020,0.240,0.230,1.000,0.130,0.610,0.212
ASAquick_rawscore_aa_window_8_next,0.000,0.000,0.010,0.000,0.200,0.000,0.020,0.330,0.300,1.000,0.310,0.360,0.211
STABILITY[3D]_Increase,0.020,0.000,0.030,0.000,0.000,0.000,0.010,0.340,0.680,1.000,0.340,0.110,0.211
AF_dssp_secondary_structure_H,0.060,0.000,0.010,0.000,0.050,0.000,0.020,0.370,0.300,1.000,0.620,0.090,0.210
ppi_combined_50,0.000,0.000,0.010,0.000,0.170,0.000,0.020,0.440,0.230,1.000,0.260,0.390,0.210
ppi_combined_40,0.000,0.000,0.010,0.000,0.160,0.000,0.020,0.480,0.170,1.000,0.210,0.460,0.209
PSIPRED_helix_aa_window_8_next,0.010,0.000,0.030,0.000,0.180,0.000,0.020,0.080,0.520,1.000,0.190,0.470,0.208
HEME_binding_gbind,0.000,0.000,0.010,0.000,0.140,0.000,0.010,0.770,0.210,1.000,0.100,0.260,0.208
MOD_RES_DESCRIPTION_4,0.000,0.000,0.010,0.000,0.010,0.000,0.000,0.610,0.210,1.000,0.650,0.010,0.208
EnsembleRegulatoryFeature_Promoter,0.010,0.000,0.020,0.000,0.020,0.000,0.010,0.310,0.530,1.000,0.480,0.110,0.208
ppi_combined_0,0.000,0.000,0.000,0.000,0.180,0.000,0.020,0.630,0.070,1.000,0.090,0.490,0.207
Dst2Splice,0.050,0.000,0.000,0.000,0.170,0.000,0.040,0.520,0.100,1.000,0.150,0.450,0.207
REGION_DESCRIPTION_2,0.000,0.000,0.010,0.000,0.020,0.000,0.010,0.590,0.350,1.000,0.440,0.050,0.206
ppi_combined_37,0.000,0.000,0.000,0.000,0.180,0.000,0.020,0.490,0.050,1.000,0.130,0.590,0.205
AF_dssp_secondary_structure_-,0.000,0.000,0.010,0.000,0.010,0.000,0.020,0.380,0.280,1.000,0.630,0.120,0.204
PSIPRED_strand_aa,0.000,0.000,0.030,0.000,0.170,0.000,0.020,0.050,0.570,1.000,0.310,0.280,0.202
Methylation,0.000,0.000,0.000,0.000,0.000,0.000,0.000,0.780,0.100,1.000,0.520,0.020,0.202
gtex_Liver,0.000,0.000,0.010,0.000,0.310,0.010,0.030,0.180,0.210,0.500,0.180,1.000,0.202
ppi_combined_39,0.000,0.000,0.000,0.000,0.180,0.000,0.020,0.480,0.050,1.000,0.290,0.390,0.201
Rare100bp,0.000,0.000,0.010,0.000,0.150,0.000,0.020,0.720,0.230,1.000,0.070,0.190,0.199
Mn2+_binding_gbind,0.000,0.000,0.000,0.000,0.140,0.000,0.010,0.950,0.050,1.000,0.050,0.190,0.199
ppi_combined_44,0.000,0.000,0.010,0.000,0.180,0.000,0.020,0.460,0.250,1.000,0.070,0.400,0.199
SCRIBERscore_aa,0.000,0.000,0.000,0.000,0.190,0.000,0.010,0.020,0.130,1.000,0.680,0.360,0.199
MOD_RES_DESCRIPTION_3,0.000,0.000,0.050,0.000,0.000,0.000,0.000,0.610,0.550,1.000,0.170,0.010,0.199
polyphen_avenhet,0.000,0.000,0.010,0.000,0.010,0.000,0.000,0.460,0.300,1.000,0.540,0.040,0.197
concavity_score,0.010,0.000,0.000,0.000,0.210,0.000,0.020,0.660,0.010,1.000,0.020,0.430,0.197
ppi_combined_48,0.000,0.000,0.000,0.000,0.180,0.000,0.020,0.450,0.130,1.000,0.200,0.350,0.194
DisoRNAscore_aa_window_15_prev,0.000,0.000,0.010,0.000,0.210,0.000,0.010,0.200,0.130,1.000,0.300,0.470,0.194
GerpRSpval,0.000,0.000,0.000,0.000,0.070,0.000,0.050,0.870,0.020,1.000,0.050,0.270,0.194
BLOSUM62,0.020,0.000,0.040,0.000,0.140,0.000,0.040,0.000,0.470,1.000,0.290,0.330,0.194
mirSVR-E,0.000,0.000,0.000,0.000,0.020,0.000,0.010,0.980,0.100,1.000,0.040,0.160,0.193
METHYLATION,0.000,0.000,0.010,0.000,0.120,0.000,0.030,0.280,0.370,1.000,0.360,0.150,0.193
PSIPRED_helix_aa_window_3_prev,0.010,0.000,0.020,0.000,0.200,0.000,0.020,0.100,0.360,1.000,0.300,0.310,0.193
targetScan,0.000,0.000,0.000,0.000,0.000,0.000,0.000,0.980,0.160,1.000,0.170,0.010,0.193
MOD_RES_DESCRIPTION_2,0.000,0.000,0.010,0.000,0.010,0.000,0.000,0.620,0.480,1.000,0.160,0.020,0.192
PSIPRED_strand_aa_window_3_next,0.000,0.000,0.020,0.000,0.180,0.000,0.020,0.060,0.580,1.000,0.160,0.280,0.192
polyphen_bfact,0.000,0.000,0.020,0.000,0.040,0.000,0.010,0.450,0.420,1.000,0.150,0.220,0.192
MaxEntScan_ref,0.000,0.000,0.000,0.000,0.040,0.000,0.010,0.010,0.920,1.000,0.110,0.200,0.191
Freq100bp,0.000,0.000,0.010,0.000,0.150,0.000,0.020,0.720,0.170,1.000,0.030,0.190,0.191
mirSVR-Aln,0.000,0.000,0.000,0.000,0.000,0.000,0.010,0.970,0.090,1.000,0.040,0.170,0.190
ATP_binding_gbind,0.000,0.000,0.010,0.000,0.130,0.000,0.010,0.560,0.260,1.000,0.050,0.230,0.188
PSIPRED_strand_aa_window_8_next,0.000,0.000,0.020,0.000,0.180,0.000,0.020,0.060,0.420,1.000,0.190,0.370,0.188
PSIPRED_helix_aa_window_3_next,0.000,0.000,0.020,0.000,0.190,0.000,0.030,0.090,0.340,1.000,0.300,0.270,0.187
EnsembleRegulatoryFeature_Enhancer,0.000,0.000,0.010,0.000,0.010,0.000,0.010,0.320,0.170,1.000,0.610,0.090,0.185
DFLpredScore_aa,0.000,0.000,0.010,0.000,0.170,0.000,0.010,0.290,0.180,1.000,0.260,0.290,0.184
MOD_RES_DESCRIPTION_1,0.000,0.000,0.010,0.000,0.000,0.000,0.000,0.620,0.410,1.000,0.140,0.010,0.182
PSIPRED_helix_aa,0.010,0.000,0.020,0.000,0.150,0.000,0.020,0.080,0.350,1.000,0.290,0.270,0.182
AF_dssp_secondary_structure_T,0.010,0.000,0.000,0.000,0.010,0.000,0.010,0.360,0.260,1.000,0.400,0.090,0.178
REGION,0.010,0.000,0.010,0.000,0.120,0.000,0.010,0.600,0.170,1.000,0.060,0.140,0.177
Dst2SplType_ACCEPTOR,0.000,0.000,0.020,0.000,0.030,0.000,0.020,0.330,0.480,1.000,0.090,0.140,0.176
motifEScoreChng,0.000,0.000,0.000,0.000,0.000,0.000,0.000,0.520,0.120,1.000,0.340,0.130,0.176
LINSIGHT,0.000,0.000,0.010,0.000,0.030,0.000,0.000,1.000,0.320,0.500,0.200,0.020,0.173
rel_cDNA_pos,0.000,0.230,0.000,0.000,0.000,0.000,0.000,0.890,0.930,0.000,0.000,0.000,0.171
EnsembleRegulatoryFeature_Open chromatin,0.000,0.000,0.010,0.000,0.000,0.000,0.000,0.310,0.240,1.000,0.400,0.040,0.167
SignalP_score_aa_window_15_next,0.000,0.000,0.010,0.000,0.020,0.000,0.010,0.030,0.300,1.000,0.480,0.140,0.166
AF_dssp_secondary_structure_S,0.010,0.000,0.010,0.000,0.000,0.000,0.010,0.360,0.160,1.000,0.370,0.070,0.166
polyphen_dprop,0.000,0.000,0.000,0.000,0.080,0.000,0.010,0.450,0.110,1.000,0.120,0.200,0.164
O-GLYCOSYLATION,0.000,0.000,0.010,0.000,0.100,0.000,0.060,0.280,0.350,1.000,0.010,0.150,0.163
Acetylation,0.000,0.000,0.000,0.000,0.000,0.000,0.000,0.790,0.100,1.000,0.040,0.020,0.162
INTERACTION_REGION,0.000,0.000,0.000,0.000,0.030,0.000,0.010,0.570,0.000,1.000,0.230,0.110,0.162
N-GLYCOSYLATION,0.000,0.000,0.010,0.000,0.120,0.000,0.010,0.280,0.220,1.000,0.110,0.190,0.162
Glycosylation,0.000,0.000,0.000,0.000,0.000,0.000,0.000,0.780,0.100,1.000,0.010,0.030,0.160
polyphen_normasa,0.000,0.000,0.000,0.000,0.060,0.000,0.010,0.440,0.090,1.000,0.130,0.180,0.159
UBIQUITINATION,0.000,0.000,0.010,0.000,0.120,0.000,0.030,0.270,0.270,1.000,0.010,0.170,0.157
SignalP_score_aa_window_3_next,0.000,0.000,0.020,0.000,0.000,0.000,0.010,0.030,0.300,1.000,0.380,0.130,0.156
polyphen_dvol,0.000,0.000,0.000,0.000,0.080,0.000,0.010,0.450,0.080,1.000,0.060,0.180,0.155
polyphen_avensit,0.000,0.000,0.000,0.000,0.020,0.000,0.000,0.480,0.100,1.000,0.220,0.040,0.155
polyphen_avenint,0.000,0.000,0.000,0.000,0.020,0.000,0.000,0.470,0.150,1.000,0.070,0.130,0.153
motifECount,0.000,0.000,0.000,0.000,0.000,0.000,0.000,0.510,0.110,1.000,0.120,0.090,0.153
PHOSPHORYLATION,0.000,0.000,0.010,0.000,0.120,0.000,0.010,0.260,0.220,1.000,0.030,0.130,0.148
PSIPRED_strand_aa_window_3_prev,0.000,0.000,0.000,0.000,0.180,0.000,0.020,0.070,0.010,1.000,0.170,0.320,0.148
polyphen_hbonds,0.000,0.000,0.000,0.000,0.020,0.000,0.000,0.460,0.150,1.000,0.120,0.010,0.147
polyphen_mindhet,0.000,0.000,0.000,0.000,0.010,0.000,0.000,0.470,0.100,1.000,0.120,0.050,0.146
ACETYLATION,0.000,0.000,0.000,0.000,0.130,0.000,0.030,0.260,0.040,1.000,0.110,0.160,0.144
S-NITROSYLATION,0.000,0.000,0.000,0.000,0.140,0.000,0.020,0.270,0.130,1.000,0.010,0.160,0.144
SignalP_score_aa,0.000,0.000,0.010,0.000,0.010,0.000,0.010,0.040,0.260,1.000,0.270,0.120,0.143
polyphen_mindint,0.000,0.000,0.000,0.000,0.010,0.000,0.000,0.470,0.060,1.000,0.060,0.120,0.143
AF_dssp_secondary_structure_G,0.000,0.000,0.000,0.000,0.010,0.000,0.010,0.370,0.100,1.000,0.150,0.050,0.141
AF_dssp_secondary_structure_B,0.000,0.000,0.000,0.000,0.000,0.000,0.000,0.380,0.040,1.000,0.230,0.030,0.140
polyphen_mindsit,0.000,0.000,0.000,0.000,0.000,0.000,0.000,0.480,0.030,1.000,0.020,0.060,0.132
SignalP_score_aa_window_15_prev,0.000,0.000,0.010,0.000,0.000,0.000,0.010,0.020,0.250,1.000,0.110,0.120,0.127
EnsembleRegulatoryFeature_TF binding site,0.000,0.000,0.000,0.000,0.010,0.000,0.000,0.300,0.130,1.000,0.040,0.040,0.127
SignalP_score_aa_window_8_next,0.000,0.000,0.000,0.000,0.000,0.000,0.010,0.030,0.160,1.000,0.130,0.140,0.123
AF_dssp_secondary_structure_I,0.000,0.000,0.000,0.000,0.000,0.000,0.000,0.360,0.020,1.000,0.020,0.030,0.119
SignalP_score_aa_window_8_prev,0.000,0.000,0.010,0.000,0.000,0.000,0.010,0.020,0.210,1.000,0.030,0.140,0.118
S-GLYCOSYLATION,0.000,0.080,0.000,0.000,0.000,0.000,0.000,0.300,1.000,0.000,0.000,0.000,0.115
C-GLYCOSYLATION,0.000,0.010,0.000,0.000,0.000,0.000,0.000,0.290,1.000,0.000,0.000,0.000,0.108
SUMOYLATION,0.000,0.000,0.000,0.000,0.000,0.000,0.000,0.290,0.980,0.000,0.000,0.000,0.106
SignalP_score_aa_window_3_prev,0.000,0.000,0.000,0.000,0.000,0.000,0.010,0.020,0.080,1.000,0.020,0.120,0.104
MYRISTOYLATION,0.000,0.010,0.000,0.000,0.000,0.000,0.000,0.290,0.930,0.000,0.000,0.000,0.102
