Model,overall_rank,avg_rank,rank_gof_mcc,rank_gof_f1,rank_gof_recall,rank_gof_precision,rank_overall_f1,rank_overall_mcc,rank_overall_recall,rank_overall_precision,rank_overall_accuracy
358,1,9.666666666666666,3.0,1.0,32.0,10.0,11.0,8.0,9.0,4.0,9.0
369,2,17.666666666666668,5.0,1.0,32.0,53.0,13.0,12.0,13.0,17.0,13.0
359,3,23.22222222222222,12.0,1.0,32.0,53.0,23.0,21.0,22.0,23.0,22.0
310,4,24.0,5.0,1.0,32.0,53.0,28.0,22.0,22.0,31.0,22.0
306,5,25.22222222222222,30.0,25.0,32.0,53.0,18.0,15.0,22.0,10.0,22.0
327,6,32.55555555555556,12.0,1.0,32.0,53.0,43.0,41.0,37.0,37.0,37.0
352,7,32.666666666666664,12.0,1.0,32.0,53.0,44.0,40.0,37.0,38.0,37.0
362,8,32.666666666666664,12.0,1.0,32.0,53.0,45.0,38.0,37.0,39.0,37.0
295,9,34.22222222222222,30.0,25.0,32.0,53.0,36.0,34.0,37.0,24.0,37.0
351,10,34.44444444444444,21.0,25.0,32.0,53.0,40.0,35.0,37.0,30.0,37.0
317,11,34.666666666666664,45.0,25.0,32.0,133.0,16.0,14.0,22.0,3.0,22.0
380,12,35.0,65.0,25.0,128.0,53.0,10.0,10.0,9.0,6.0,9.0
322,13,40.333333333333336,53.0,25.0,128.0,53.0,22.0,18.0,22.0,20.0,22.0
343,14,40.666666666666664,40.0,25.0,128.0,53.0,25.0,25.0,22.0,26.0,22.0
457,15,41.333333333333336,26.0,1.0,299.0,1.0,6.0,6.0,3.0,27.0,3.0
356,16,43.666666666666664,45.0,25.0,32.0,133.0,34.0,31.0,37.0,19.0,37.0
312,17,43.888888888888886,66.0,25.0,32.0,133.0,29.0,29.0,37.0,7.0,37.0
316,18,44.111111111111114,66.0,25.0,32.0,133.0,30.0,28.0,37.0,9.0,37.0
377,19,45.55555555555556,10.0,1.0,128.0,10.0,59.0,49.0,37.0,79.0,37.0
376,20,45.666666666666664,10.0,1.0,128.0,10.0,60.0,48.0,37.0,80.0,37.0
464,21,45.666666666666664,42.0,25.0,299.0,10.0,5.0,3.0,3.0,21.0,3.0
450,22,46.666666666666664,8.0,1.0,242.0,1.0,26.0,27.0,13.0,89.0,13.0
302,23,47.111111111111114,12.0,1.0,32.0,53.0,70.0,62.0,67.0,60.0,67.0
371,24,47.77777777777778,30.0,25.0,32.0,53.0,62.0,54.0,67.0,40.0,67.0
462,25,48.0,26.0,1.0,299.0,1.0,12.0,13.0,9.0,62.0,9.0
309,26,50.888888888888886,80.0,25.0,128.0,133.0,19.0,16.0,22.0,13.0,22.0
461,27,56.77777777777778,102.0,25.0,299.0,10.0,9.0,9.0,7.0,43.0,7.0
397,28,58.77777777777778,2.0,1.0,128.0,1.0,84.0,69.0,37.0,170.0,37.0
455,29,59.0,60.0,25.0,299.0,10.0,20.0,23.0,13.0,68.0,13.0
305,30,59.111111111111114,94.0,25.0,32.0,133.0,50.0,46.0,67.0,18.0,67.0
459,31,59.22222222222222,42.0,25.0,299.0,10.0,24.0,26.0,13.0,81.0,13.0
451,32,59.333333333333336,60.0,25.0,299.0,10.0,21.0,24.0,13.0,69.0,13.0
368,33,60.22222222222222,30.0,25.0,32.0,53.0,88.0,85.0,85.0,59.0,85.0
355,34,60.666666666666664,30.0,25.0,32.0,53.0,89.0,84.0,85.0,63.0,85.0
361,35,61.0,30.0,25.0,32.0,53.0,92.0,83.0,85.0,64.0,85.0
298,36,62.0,21.0,25.0,32.0,53.0,98.0,86.0,85.0,73.0,85.0
366,37,62.333333333333336,21.0,25.0,32.0,53.0,99.0,86.0,85.0,75.0,85.0
365,38,63.0,5.0,1.0,32.0,53.0,104.0,98.0,85.0,104.0,85.0
412,39,63.111111111111114,29.0,25.0,299.0,1.0,33.0,30.0,13.0,125.0,13.0
332,40,64.11111111111111,53.0,25.0,128.0,53.0,68.0,60.0,67.0,56.0,67.0
467,41,65.77777777777777,112.0,25.0,299.0,53.0,15.0,17.0,13.0,45.0,13.0
470,42,66.22222222222223,149.0,25.0,393.0,10.0,2.0,2.0,2.0,11.0,2.0
392,43,66.66666666666667,1.0,1.0,32.0,10.0,119.0,108.0,85.0,159.0,85.0
456,44,68.55555555555556,83.0,25.0,299.0,10.0,37.0,36.0,22.0,83.0,22.0
372,45,68.88888888888889,45.0,25.0,32.0,133.0,83.0,82.0,85.0,50.0,85.0
460,46,68.88888888888889,83.0,25.0,299.0,10.0,38.0,37.0,22.0,84.0,22.0
350,47,69.22222222222223,45.0,25.0,32.0,133.0,85.0,81.0,85.0,52.0,85.0
299,48,69.44444444444444,66.0,25.0,32.0,133.0,81.0,77.0,85.0,41.0,85.0
342,49,69.66666666666667,66.0,25.0,32.0,133.0,82.0,77.0,85.0,42.0,85.0
301,50,74.77777777777777,129.0,135.0,128.0,133.0,31.0,31.0,37.0,12.0,37.0
448,51,75.11111111111111,128.0,25.0,242.0,53.0,46.0,50.0,37.0,58.0,37.0
391,52,75.55555555555556,4.0,1.0,128.0,10.0,113.0,107.0,85.0,147.0,85.0
360,53,75.66666666666667,30.0,25.0,32.0,53.0,115.0,112.0,112.0,90.0,112.0
346,54,75.66666666666667,30.0,25.0,32.0,53.0,115.0,112.0,112.0,90.0,112.0
403,55,76.22222222222223,107.0,25.0,242.0,53.0,56.0,51.0,37.0,78.0,37.0
454,56,76.33333333333333,77.0,25.0,299.0,10.0,53.0,47.0,22.0,132.0,22.0
367,57,76.33333333333333,30.0,25.0,32.0,53.0,117.0,111.0,112.0,95.0,112.0
476,58,77.0,121.0,25.0,299.0,10.0,41.0,44.0,22.0,109.0,22.0
406,59,77.66666666666667,26.0,1.0,299.0,1.0,74.0,70.0,37.0,154.0,37.0
324,60,78.0,116.0,135.0,32.0,190.0,42.0,45.0,67.0,8.0,67.0
382,61,78.22222222222223,53.0,25.0,128.0,53.0,100.0,93.0,85.0,82.0,85.0
453,62,81.0,83.0,25.0,299.0,10.0,63.0,61.0,37.0,114.0,37.0
440,63,81.77777777777777,24.0,1.0,242.0,10.0,93.0,92.0,67.0,140.0,67.0
465,64,82.33333333333333,83.0,25.0,299.0,10.0,65.0,66.0,37.0,119.0,37.0
472,65,82.66666666666667,83.0,25.0,299.0,10.0,66.0,67.0,37.0,120.0,37.0
477,66,84.66666666666667,158.0,135.0,299.0,53.0,17.0,20.0,13.0,54.0,13.0
297,67,84.77777777777777,94.0,25.0,32.0,133.0,102.0,105.0,112.0,48.0,112.0
320,68,85.0,94.0,25.0,32.0,133.0,103.0,103.0,112.0,51.0,112.0
415,69,85.88888888888889,45.0,25.0,299.0,1.0,80.0,76.0,37.0,173.0,37.0
471,70,86.44444444444444,132.0,25.0,299.0,53.0,54.0,55.0,37.0,86.0,37.0
494,71,87.11111111111111,176.0,135.0,393.0,53.0,3.0,3.0,3.0,15.0,3.0
497,72,87.11111111111111,176.0,135.0,393.0,53.0,3.0,3.0,3.0,15.0,3.0
443,73,87.66666666666667,151.0,135.0,299.0,53.0,27.0,33.0,22.0,47.0,22.0
407,74,87.77777777777777,77.0,25.0,299.0,10.0,73.0,72.0,37.0,160.0,37.0
408,75,88.55555555555556,77.0,25.0,299.0,10.0,76.0,73.0,37.0,163.0,37.0
492,76,91.88888888888889,204.0,135.0,393.0,53.0,7.0,7.0,7.0,14.0,7.0
354,77,92.44444444444444,12.0,1.0,32.0,53.0,155.0,148.0,144.0,143.0,144.0
478,78,92.88888888888889,216.0,135.0,427.0,53.0,1.0,1.0,1.0,1.0,1.0
375,79,93.11111111111111,53.0,25.0,128.0,53.0,124.0,119.0,112.0,112.0,112.0
370,80,93.33333333333333,53.0,25.0,128.0,53.0,126.0,118.0,112.0,113.0,112.0
304,81,93.44444444444444,136.0,135.0,128.0,133.0,64.0,62.0,67.0,49.0,67.0
364,82,93.66666666666667,18.0,1.0,128.0,53.0,136.0,130.0,112.0,153.0,112.0
396,83,93.77777777777777,20.0,1.0,128.0,10.0,143.0,139.0,112.0,179.0,112.0
379,84,94.55555555555556,40.0,25.0,128.0,53.0,130.0,122.0,112.0,129.0,112.0
458,85,94.77777777777777,141.0,25.0,299.0,53.0,67.0,68.0,37.0,126.0,37.0
410,86,96.77777777777777,60.0,25.0,299.0,10.0,96.0,95.0,67.0,152.0,67.0
400,87,97.77777777777777,19.0,1.0,299.0,1.0,111.0,102.0,67.0,213.0,67.0
473,88,98.55555555555556,151.0,135.0,299.0,53.0,51.0,52.0,37.0,72.0,37.0
488,89,98.88888888888889,204.0,135.0,393.0,53.0,14.0,19.0,13.0,46.0,13.0
315,90,99.66666666666667,146.0,135.0,128.0,133.0,72.0,80.0,85.0,33.0,85.0
286,91,99.77777777777777,146.0,135.0,128.0,133.0,75.0,77.0,85.0,34.0,85.0
335,92,100.66666666666667,66.0,25.0,32.0,133.0,135.0,135.0,144.0,92.0,144.0
347,93,100.77777777777777,66.0,25.0,32.0,133.0,137.0,133.0,144.0,93.0,144.0
293,94,100.77777777777777,66.0,25.0,32.0,133.0,137.0,133.0,144.0,93.0,144.0
348,95,100.88888888888889,45.0,25.0,32.0,133.0,141.0,137.0,144.0,107.0,144.0
313,96,101.33333333333333,94.0,25.0,32.0,133.0,133.0,131.0,144.0,76.0,144.0
311,97,101.88888888888889,80.0,25.0,128.0,133.0,114.0,116.0,112.0,97.0,112.0
287,98,103.77777777777777,151.0,135.0,32.0,190.0,86.0,94.0,112.0,22.0,112.0
402,99,103.88888888888889,112.0,25.0,299.0,53.0,90.0,88.0,67.0,134.0,67.0
463,100,104.11111111111111,167.0,135.0,299.0,53.0,55.0,58.0,37.0,96.0,37.0
325,101,104.44444444444444,136.0,135.0,32.0,190.0,95.0,99.0,112.0,29.0,112.0
431,102,105.44444444444444,102.0,25.0,299.0,10.0,101.0,101.0,67.0,177.0,67.0
300,103,106.0,163.0,135.0,128.0,190.0,69.0,74.0,85.0,25.0,85.0
319,104,106.22222222222223,163.0,135.0,128.0,190.0,71.0,71.0,85.0,28.0,85.0
480,105,107.77777777777777,204.0,135.0,393.0,53.0,32.0,39.0,22.0,70.0,22.0
496,106,109.0,192.0,135.0,393.0,53.0,35.0,42.0,22.0,87.0,22.0
495,107,109.22222222222223,176.0,135.0,393.0,53.0,39.0,43.0,22.0,100.0,22.0
475,108,109.44444444444444,141.0,25.0,299.0,53.0,91.0,96.0,67.0,146.0,67.0
452,109,109.66666666666667,60.0,25.0,299.0,10.0,122.0,121.0,85.0,180.0,85.0
425,110,110.66666666666667,60.0,25.0,299.0,10.0,125.0,123.0,85.0,184.0,85.0
482,111,112.0,199.0,135.0,299.0,133.0,48.0,53.0,37.0,67.0,37.0
334,112,113.11111111111111,45.0,25.0,32.0,133.0,164.0,162.0,162.0,133.0,162.0
363,113,113.66666666666667,66.0,25.0,32.0,133.0,161.0,161.0,162.0,121.0,162.0
498,114,113.88888888888889,243.0,214.0,393.0,133.0,8.0,11.0,9.0,5.0,9.0
353,115,114.44444444444444,94.0,25.0,32.0,133.0,158.0,159.0,162.0,105.0,162.0
318,116,114.66666666666667,129.0,135.0,128.0,133.0,107.0,110.0,112.0,66.0,112.0
314,117,114.88888888888889,146.0,135.0,128.0,133.0,105.0,106.0,112.0,57.0,112.0
344,118,114.88888888888889,94.0,25.0,32.0,133.0,160.0,158.0,162.0,108.0,162.0
441,119,115.77777777777777,132.0,25.0,299.0,53.0,108.0,114.0,85.0,141.0,85.0
378,120,116.44444444444444,44.0,25.0,128.0,53.0,162.0,160.0,144.0,188.0,144.0
222,121,117.0,211.0,214.0,128.0,217.0,52.0,59.0,85.0,2.0,85.0
289,122,118.22222222222223,151.0,135.0,32.0,190.0,112.0,120.0,144.0,36.0,144.0
426,123,118.77777777777777,121.0,25.0,299.0,10.0,127.0,126.0,85.0,191.0,85.0
373,124,119.22222222222223,108.0,25.0,128.0,133.0,140.0,140.0,144.0,111.0,144.0
308,125,119.77777777777777,172.0,135.0,128.0,190.0,97.0,100.0,112.0,32.0,112.0
493,126,120.11111111111111,204.0,135.0,393.0,53.0,57.0,64.0,37.0,101.0,37.0
481,127,120.55555555555556,204.0,135.0,393.0,53.0,58.0,65.0,37.0,103.0,37.0
374,128,121.77777777777777,66.0,25.0,32.0,133.0,176.0,174.0,174.0,142.0,174.0
422,129,122.22222222222223,111.0,25.0,393.0,10.0,109.0,109.0,67.0,209.0,67.0
466,130,123.77777777777777,141.0,25.0,299.0,53.0,121.0,124.0,85.0,181.0,85.0
282,131,123.77777777777777,204.0,135.0,128.0,190.0,94.0,104.0,112.0,35.0,112.0
433,132,125.22222222222223,83.0,25.0,299.0,10.0,146.0,144.0,112.0,196.0,112.0
423,133,126.66666666666667,83.0,25.0,299.0,10.0,150.0,146.0,112.0,203.0,112.0
384,134,129.77777777777777,53.0,25.0,128.0,53.0,183.0,180.0,174.0,198.0,174.0
357,135,130.77777777777777,80.0,25.0,128.0,133.0,165.0,165.0,162.0,157.0,162.0
349,136,131.0,45.0,25.0,32.0,133.0,191.0,188.0,185.0,195.0,185.0
336,137,131.11111111111111,66.0,25.0,32.0,133.0,189.0,187.0,185.0,178.0,185.0
432,138,131.33333333333334,112.0,25.0,299.0,53.0,142.0,142.0,112.0,185.0,112.0
337,139,131.88888888888889,129.0,135.0,128.0,133.0,139.0,136.0,144.0,99.0,144.0
330,140,132.33333333333334,94.0,25.0,32.0,133.0,186.0,185.0,185.0,166.0,185.0
421,141,132.77777777777777,102.0,25.0,299.0,10.0,156.0,155.0,112.0,224.0,112.0
341,142,132.88888888888889,116.0,135.0,32.0,190.0,154.0,157.0,162.0,88.0,162.0
420,143,133.55555555555554,102.0,25.0,299.0,10.0,157.0,156.0,112.0,229.0,112.0
419,144,133.55555555555554,121.0,25.0,299.0,10.0,151.0,152.0,112.0,220.0,112.0
414,145,133.88888888888889,121.0,25.0,299.0,10.0,152.0,153.0,112.0,221.0,112.0
444,146,134.0,167.0,135.0,299.0,53.0,110.0,117.0,85.0,155.0,85.0
411,147,134.33333333333334,121.0,25.0,299.0,10.0,153.0,154.0,112.0,223.0,112.0
283,148,135.0,172.0,135.0,128.0,190.0,120.0,129.0,144.0,53.0,144.0
294,149,135.33333333333334,172.0,135.0,128.0,190.0,123.0,127.0,144.0,55.0,144.0
393,150,135.44444444444446,8.0,1.0,242.0,1.0,187.0,182.0,162.0,274.0,162.0
486,151,135.55555555555554,232.0,214.0,393.0,133.0,47.0,56.0,37.0,71.0,37.0
479,152,136.22222222222223,232.0,214.0,393.0,133.0,49.0,57.0,37.0,74.0,37.0
483,153,136.44444444444446,192.0,135.0,393.0,53.0,87.0,96.0,67.0,138.0,67.0
321,154,136.66666666666666,163.0,135.0,128.0,190.0,129.0,132.0,144.0,65.0,144.0
416,155,138.44444444444446,141.0,25.0,299.0,53.0,149.0,149.0,112.0,206.0,112.0
328,156,140.66666666666666,66.0,25.0,32.0,133.0,205.0,199.0,198.0,210.0,198.0
296,157,141.66666666666666,94.0,25.0,32.0,133.0,200.0,198.0,198.0,197.0,198.0
290,158,142.22222222222223,136.0,135.0,32.0,190.0,167.0,170.0,174.0,102.0,174.0
331,159,142.33333333333334,136.0,135.0,32.0,190.0,168.0,166.0,174.0,106.0,174.0
338,160,142.77777777777777,116.0,135.0,32.0,190.0,171.0,171.0,174.0,122.0,174.0
329,161,142.77777777777777,116.0,135.0,32.0,190.0,171.0,171.0,174.0,122.0,174.0
469,162,143.77777777777777,218.0,135.0,393.0,133.0,77.0,89.0,67.0,115.0,67.0
489,163,144.11111111111111,218.0,135.0,393.0,133.0,78.0,90.0,67.0,116.0,67.0
383,164,144.55555555555554,92.0,25.0,128.0,53.0,199.0,197.0,185.0,237.0,185.0
491,165,144.55555555555554,218.0,135.0,393.0,133.0,79.0,91.0,67.0,118.0,67.0
430,166,146.0,121.0,25.0,299.0,10.0,169.0,168.0,144.0,234.0,144.0
417,167,146.33333333333334,121.0,25.0,299.0,10.0,170.0,169.0,144.0,235.0,144.0
405,168,146.33333333333334,102.0,25.0,299.0,10.0,174.0,173.0,144.0,246.0,144.0
381,169,146.44444444444446,25.0,25.0,128.0,53.0,216.0,212.0,198.0,263.0,198.0
424,170,148.0,166.0,135.0,393.0,10.0,128.0,128.0,85.0,202.0,85.0
401,171,148.11111111111111,112.0,25.0,299.0,53.0,166.0,164.0,144.0,226.0,144.0
409,172,149.0,83.0,25.0,299.0,10.0,180.0,178.0,162.0,242.0,162.0
447,173,149.77777777777777,158.0,135.0,299.0,53.0,144.0,145.0,112.0,190.0,112.0
340,174,150.0,108.0,25.0,128.0,133.0,193.0,189.0,185.0,204.0,185.0
468,175,150.22222222222223,176.0,135.0,393.0,53.0,118.0,125.0,85.0,182.0,85.0
413,176,150.33333333333334,158.0,135.0,299.0,53.0,145.0,146.0,112.0,193.0,112.0
499,177,153.55555555555554,254.0,214.0,393.0,190.0,61.0,75.0,67.0,61.0,67.0
490,178,156.33333333333334,218.0,135.0,393.0,133.0,106.0,115.0,85.0,137.0,85.0
284,179,157.22222222222223,211.0,214.0,128.0,217.0,134.0,143.0,162.0,44.0,162.0
446,180,157.44444444444446,199.0,135.0,299.0,133.0,131.0,138.0,112.0,158.0,112.0
385,181,158.77777777777777,108.0,25.0,128.0,133.0,209.0,202.0,198.0,228.0,198.0
445,182,159.0,151.0,135.0,299.0,53.0,159.0,163.0,144.0,183.0,144.0
345,183,159.88888888888889,151.0,135.0,32.0,190.0,195.0,195.0,198.0,145.0,198.0
231,184,160.22222222222223,189.0,135.0,32.0,217.0,185.0,190.0,198.0,98.0,198.0
217,185,161.88888888888889,180.0,135.0,32.0,217.0,188.0,192.0,198.0,117.0,198.0
429,186,164.77777777777777,83.0,25.0,299.0,10.0,210.0,207.0,185.0,279.0,185.0
390,187,165.44444444444446,92.0,25.0,128.0,53.0,234.0,228.0,218.0,293.0,218.0
323,188,166.33333333333334,184.0,135.0,128.0,190.0,181.0,181.0,185.0,128.0,185.0
303,189,166.33333333333334,172.0,135.0,128.0,190.0,184.0,183.0,185.0,135.0,185.0
399,190,166.44444444444446,132.0,25.0,299.0,53.0,194.0,191.0,174.0,256.0,174.0
484,191,166.55555555555554,192.0,135.0,393.0,53.0,147.0,150.0,112.0,205.0,112.0
474,192,167.0,192.0,135.0,393.0,53.0,148.0,151.0,112.0,207.0,112.0
229,193,168.88888888888889,189.0,135.0,32.0,217.0,198.0,201.0,209.0,130.0,209.0
333,194,169.33333333333334,136.0,135.0,32.0,190.0,213.0,211.0,209.0,189.0,209.0
288,195,170.33333333333334,180.0,135.0,32.0,217.0,203.0,204.0,209.0,144.0,209.0
221,196,172.55555555555554,231.0,214.0,128.0,217.0,163.0,167.0,174.0,85.0,174.0
394,197,173.11111111111111,39.0,25.0,242.0,10.0,240.0,235.0,218.0,331.0,218.0
427,198,173.88888888888889,158.0,135.0,299.0,53.0,178.0,179.0,162.0,239.0,162.0
292,199,174.44444444444446,184.0,135.0,128.0,190.0,192.0,196.0,198.0,149.0,198.0
449,200,175.0,186.0,135.0,299.0,53.0,177.0,176.0,162.0,225.0,162.0
285,201,175.55555555555554,222.0,214.0,128.0,217.0,175.0,177.0,185.0,77.0,185.0
386,202,176.44444444444446,53.0,25.0,128.0,53.0,265.0,257.0,239.0,329.0,239.0
339,203,178.88888888888889,180.0,135.0,32.0,217.0,217.0,217.0,218.0,176.0,218.0
223,204,179.22222222222223,217.0,214.0,128.0,190.0,179.0,184.0,185.0,131.0,185.0
395,205,180.77777777777777,132.0,25.0,299.0,53.0,219.0,216.0,198.0,287.0,198.0
389,206,181.88888888888889,116.0,25.0,128.0,133.0,242.0,237.0,227.0,302.0,227.0
434,207,182.0,167.0,135.0,299.0,53.0,190.0,194.0,174.0,252.0,174.0
487,208,182.0,232.0,214.0,393.0,133.0,132.0,141.0,112.0,169.0,112.0
442,209,183.55555555555554,199.0,135.0,299.0,133.0,173.0,175.0,162.0,214.0,162.0
404,210,183.66666666666666,167.0,135.0,299.0,53.0,196.0,193.0,174.0,262.0,174.0
326,211,185.11111111111111,202.0,214.0,32.0,217.0,214.0,215.0,218.0,136.0,218.0
237,212,186.22222222222223,197.0,135.0,128.0,217.0,204.0,210.0,209.0,167.0,209.0
307,213,187.11111111111111,197.0,135.0,128.0,217.0,208.0,209.0,209.0,172.0,209.0
226,214,188.66666666666666,229.0,214.0,32.0,256.0,207.0,214.0,218.0,110.0,218.0
437,215,189.66666666666666,167.0,135.0,299.0,53.0,206.0,205.0,185.0,272.0,185.0
418,216,190.11111111111111,186.0,135.0,299.0,53.0,201.0,203.0,185.0,264.0,185.0
398,217,191.11111111111111,158.0,135.0,299.0,53.0,212.0,208.0,185.0,285.0,185.0
428,218,192.44444444444446,149.0,25.0,393.0,10.0,223.0,220.0,198.0,316.0,198.0
224,219,192.66666666666666,236.0,214.0,128.0,217.0,197.0,200.0,209.0,124.0,209.0
219,220,194.11111111111111,211.0,214.0,128.0,217.0,202.0,206.0,209.0,151.0,209.0
387,221,196.22222222222223,157.0,135.0,128.0,133.0,237.0,234.0,227.0,288.0,227.0
388,222,198.88888888888889,145.0,135.0,242.0,133.0,221.0,219.0,209.0,277.0,209.0
485,223,200.88888888888889,227.0,214.0,299.0,133.0,182.0,186.0,174.0,219.0,174.0
227,224,201.55555555555554,222.0,214.0,128.0,217.0,215.0,218.0,218.0,164.0,218.0
228,225,201.66666666666666,240.0,214.0,32.0,256.0,226.0,229.0,234.0,150.0,234.0
230,226,202.33333333333334,240.0,214.0,32.0,256.0,228.0,227.0,234.0,156.0,234.0
438,227,203.11111111111111,186.0,135.0,299.0,53.0,224.0,223.0,209.0,290.0,209.0
436,228,203.66666666666666,196.0,135.0,299.0,133.0,211.0,213.0,198.0,250.0,198.0
238,229,204.0,189.0,135.0,32.0,217.0,258.0,252.0,249.0,255.0,249.0
232,230,207.33333333333334,236.0,214.0,128.0,217.0,220.0,222.0,227.0,175.0,227.0
218,231,210.11111111111111,211.0,214.0,128.0,217.0,227.0,225.0,227.0,215.0,227.0
281,232,213.66666666666666,242.0,214.0,128.0,217.0,225.0,226.0,227.0,217.0,227.0
242,233,215.22222222222223,222.0,214.0,128.0,217.0,233.0,233.0,234.0,222.0,234.0
435,234,215.33333333333334,183.0,135.0,299.0,133.0,230.0,231.0,218.0,291.0,218.0
185,235,215.88888888888889,253.0,214.0,128.0,256.0,229.0,230.0,234.0,165.0,234.0
202,236,218.66666666666666,255.0,258.0,32.0,282.0,238.0,244.0,249.0,161.0,249.0
234,237,219.33333333333334,202.0,214.0,32.0,217.0,264.0,264.0,258.0,265.0,258.0
243,238,220.11111111111111,236.0,214.0,128.0,217.0,239.0,239.0,239.0,230.0,239.0
241,239,220.11111111111111,222.0,214.0,128.0,217.0,244.0,240.0,239.0,238.0,239.0
244,240,220.11111111111111,222.0,214.0,128.0,217.0,243.0,243.0,239.0,236.0,239.0
291,241,221.33333333333334,211.0,214.0,128.0,217.0,248.0,245.0,239.0,251.0,239.0
245,242,223.22222222222223,229.0,214.0,32.0,256.0,259.0,260.0,258.0,243.0,258.0
216,243,224.11111111111111,266.0,258.0,32.0,282.0,250.0,251.0,258.0,162.0,258.0
239,244,224.22222222222223,246.0,214.0,128.0,217.0,245.0,246.0,239.0,244.0,239.0
246,245,225.33333333333334,204.0,135.0,128.0,190.0,275.0,269.0,258.0,311.0,258.0
235,246,226.77777777777777,250.0,214.0,128.0,256.0,241.0,242.0,239.0,232.0,239.0
214,247,227.11111111111111,255.0,258.0,32.0,282.0,253.0,254.0,258.0,194.0,258.0
225,248,227.55555555555554,249.0,214.0,32.0,256.0,267.0,265.0,267.0,231.0,267.0
240,249,229.88888888888889,248.0,214.0,128.0,256.0,249.0,249.0,249.0,227.0,249.0
274,250,231.0,247.0,214.0,299.0,190.0,222.0,224.0,218.0,247.0,218.0
220,251,231.55555555555554,244.0,214.0,128.0,256.0,254.0,250.0,249.0,240.0,249.0
273,252,236.77777777777777,264.0,258.0,299.0,217.0,218.0,221.0,218.0,218.0,218.0
275,253,238.11111111111111,232.0,214.0,299.0,190.0,235.0,236.0,227.0,283.0,227.0
187,254,239.0,277.0,258.0,128.0,282.0,251.0,253.0,258.0,186.0,258.0
271,255,239.77777777777777,251.0,214.0,299.0,217.0,232.0,232.0,227.0,259.0,227.0
215,256,240.66666666666666,273.0,258.0,128.0,282.0,252.0,256.0,258.0,201.0,258.0
177,257,243.11111111111111,293.0,289.0,32.0,292.0,272.0,273.0,283.0,171.0,283.0
263,258,244.11111111111111,260.0,258.0,242.0,217.0,246.0,248.0,239.0,248.0,239.0
280,259,244.22222222222223,260.0,258.0,242.0,217.0,247.0,247.0,239.0,249.0,239.0
439,260,245.55555555555554,227.0,214.0,299.0,133.0,262.0,262.0,239.0,335.0,239.0
186,261,246.66666666666666,291.0,289.0,128.0,292.0,257.0,261.0,267.0,168.0,267.0
191,262,247.66666666666666,301.0,289.0,128.0,292.0,261.0,267.0,276.0,139.0,276.0
264,263,248.55555555555554,264.0,258.0,299.0,217.0,236.0,238.0,234.0,257.0,234.0
250,264,250.33333333333334,244.0,214.0,128.0,256.0,283.0,282.0,276.0,294.0,276.0
178,265,251.11111111111111,287.0,258.0,128.0,282.0,270.0,271.0,276.0,212.0,276.0
181,266,251.55555555555554,288.0,289.0,32.0,292.0,284.0,285.0,289.0,216.0,289.0
188,267,253.33333333333334,291.0,289.0,128.0,292.0,266.0,270.0,276.0,192.0,276.0
276,268,254.33333333333334,267.0,258.0,242.0,256.0,255.0,255.0,249.0,258.0,249.0
180,269,254.44444444444446,295.0,289.0,32.0,292.0,290.0,291.0,295.0,211.0,295.0
192,270,255.11111111111111,301.0,289.0,128.0,292.0,271.0,275.0,283.0,174.0,283.0
252,271,257.22222222222223,260.0,258.0,242.0,217.0,268.0,268.0,258.0,286.0,258.0
272,272,257.3333333333333,259.0,214.0,299.0,217.0,263.0,263.0,249.0,303.0,249.0
255,273,257.44444444444446,260.0,258.0,242.0,217.0,269.0,266.0,258.0,289.0,258.0
182,274,257.6666666666667,308.0,289.0,32.0,314.0,294.0,295.0,300.0,187.0,300.0
258,275,257.77777777777777,239.0,214.0,242.0,190.0,285.0,280.0,267.0,336.0,267.0
261,276,258.55555555555554,255.0,214.0,242.0,217.0,279.0,277.0,267.0,309.0,267.0
194,277,259.77777777777777,313.0,289.0,128.0,292.0,273.0,278.0,283.0,199.0,283.0
195,278,260.55555555555554,339.0,318.0,299.0,292.0,231.0,241.0,249.0,127.0,249.0
270,279,260.77777777777777,274.0,258.0,299.0,217.0,260.0,259.0,249.0,282.0,249.0
249,280,262.0,269.0,258.0,128.0,256.0,292.0,289.0,283.0,300.0,283.0
204,281,263.3333333333333,282.0,258.0,128.0,282.0,291.0,290.0,289.0,261.0,289.0
189,282,263.3333333333333,325.0,318.0,128.0,314.0,276.0,283.0,289.0,148.0,289.0
267,283,263.8888888888889,283.0,258.0,299.0,256.0,256.0,258.0,249.0,267.0,249.0
248,284,264.0,255.0,214.0,242.0,217.0,289.0,287.0,276.0,320.0,276.0
172,285,265.1111111111111,315.0,318.0,32.0,314.0,298.0,299.0,305.0,200.0,305.0
251,286,265.6666666666667,269.0,258.0,128.0,256.0,296.0,296.0,289.0,310.0,289.0
257,287,266.1111111111111,275.0,258.0,242.0,256.0,274.0,272.0,267.0,284.0,267.0
175,288,266.6666666666667,288.0,289.0,32.0,292.0,310.0,304.0,305.0,275.0,305.0
184,289,266.77777777777777,288.0,289.0,32.0,292.0,309.0,305.0,305.0,276.0,305.0
279,290,267.22222222222223,267.0,258.0,242.0,256.0,277.0,274.0,267.0,297.0,267.0
206,291,268.55555555555554,298.0,289.0,128.0,292.0,293.0,294.0,295.0,233.0,295.0
269,292,268.77777777777777,251.0,214.0,299.0,217.0,286.0,281.0,267.0,337.0,267.0
236,293,269.44444444444446,269.0,258.0,128.0,256.0,302.0,300.0,295.0,322.0,295.0
176,294,270.8888888888889,304.0,289.0,32.0,314.0,311.0,313.0,315.0,245.0,315.0
247,295,271.8888888888889,279.0,258.0,242.0,256.0,281.0,284.0,276.0,295.0,276.0
162,296,272.0,306.0,289.0,25.0,338.0,316.0,316.0,325.0,208.0,325.0
265,297,274.55555555555554,281.0,258.0,299.0,217.0,282.0,279.0,267.0,321.0,267.0
174,298,276.3333333333333,304.0,289.0,32.0,314.0,317.0,318.0,321.0,271.0,321.0
213,299,276.55555555555554,299.0,289.0,128.0,292.0,300.0,301.0,300.0,280.0,300.0
268,300,277.77777777777777,294.0,258.0,299.0,256.0,278.0,276.0,267.0,305.0,267.0
190,301,278.0,323.0,289.0,128.0,314.0,297.0,298.0,300.0,253.0,300.0
183,302,278.0,301.0,289.0,128.0,292.0,305.0,307.0,305.0,270.0,305.0
233,303,278.22222222222223,269.0,258.0,128.0,256.0,321.0,317.0,305.0,345.0,305.0
262,304,281.77777777777777,278.0,258.0,299.0,256.0,288.0,286.0,276.0,319.0,276.0
260,305,282.0,275.0,258.0,242.0,256.0,299.0,297.0,289.0,333.0,289.0
173,306,282.44444444444446,315.0,318.0,32.0,314.0,323.0,324.0,325.0,266.0,325.0
212,307,283.3333333333333,323.0,289.0,128.0,314.0,304.0,309.0,305.0,273.0,305.0
210,308,283.44444444444446,311.0,289.0,242.0,292.0,287.0,292.0,289.0,260.0,289.0
197,309,283.55555555555554,297.0,289.0,128.0,292.0,314.0,314.0,305.0,308.0,305.0
278,310,285.6666666666667,279.0,258.0,242.0,256.0,306.0,302.0,295.0,338.0,295.0
254,311,286.6666666666667,283.0,258.0,299.0,256.0,295.0,293.0,283.0,330.0,283.0
157,312,286.77777777777777,330.0,318.0,128.0,314.0,308.0,312.0,315.0,241.0,315.0
200,313,287.6666666666667,299.0,289.0,128.0,292.0,319.0,320.0,315.0,312.0,315.0
203,314,289.3333333333333,321.0,289.0,299.0,292.0,280.0,288.0,283.0,269.0,283.0
166,315,289.8888888888889,347.0,318.0,32.0,338.0,329.0,329.0,331.0,254.0,331.0
161,316,291.22222222222223,315.0,318.0,32.0,314.0,334.0,332.0,331.0,314.0,331.0
207,317,292.8888888888889,311.0,289.0,242.0,292.0,301.0,303.0,300.0,298.0,300.0
259,318,293.6666666666667,286.0,258.0,242.0,256.0,322.0,319.0,305.0,350.0,305.0
211,319,294.1111111111111,313.0,289.0,128.0,292.0,326.0,326.0,325.0,323.0,325.0
266,320,294.55555555555554,283.0,258.0,299.0,256.0,312.0,306.0,295.0,347.0,295.0
163,321,295.55555555555554,320.0,318.0,25.0,338.0,337.0,337.0,336.0,313.0,336.0
167,322,296.3333333333333,309.0,318.0,25.0,338.0,342.0,342.0,343.0,307.0,343.0
201,323,296.55555555555554,329.0,318.0,128.0,314.0,320.0,322.0,321.0,296.0,321.0
165,324,297.3333333333333,345.0,318.0,32.0,338.0,335.0,335.0,336.0,301.0,336.0
179,325,297.55555555555554,315.0,318.0,32.0,314.0,343.0,341.0,336.0,343.0,336.0
170,326,298.8888888888889,337.0,318.0,32.0,338.0,338.0,338.0,336.0,317.0,336.0
160,327,299.1111111111111,338.0,318.0,25.0,338.0,341.0,342.0,343.0,304.0,343.0
168,328,299.55555555555554,331.0,318.0,32.0,338.0,339.0,340.0,336.0,326.0,336.0
169,329,299.77777777777777,331.0,318.0,32.0,338.0,340.0,339.0,336.0,328.0,336.0
171,330,300.3333333333333,325.0,318.0,128.0,314.0,328.0,328.0,328.0,306.0,328.0
196,331,300.44444444444446,341.0,318.0,242.0,314.0,303.0,308.0,305.0,268.0,305.0
148,332,301.0,315.0,318.0,32.0,314.0,349.0,347.0,343.0,348.0,343.0
193,333,302.0,335.0,318.0,242.0,314.0,307.0,311.0,305.0,281.0,305.0
209,334,302.3333333333333,325.0,318.0,128.0,314.0,330.0,330.0,329.0,318.0,329.0
208,335,303.22222222222223,322.0,289.0,242.0,292.0,318.0,321.0,315.0,315.0,315.0
253,336,303.3333333333333,296.0,289.0,242.0,282.0,324.0,323.0,315.0,344.0,315.0
164,337,303.77777777777777,334.0,318.0,25.0,338.0,348.0,348.0,348.0,327.0,348.0
277,338,303.77777777777777,307.0,289.0,299.0,282.0,313.0,310.0,300.0,334.0,300.0
152,339,304.1111111111111,331.0,318.0,32.0,338.0,346.0,345.0,343.0,341.0,343.0
205,340,305.3333333333333,336.0,318.0,128.0,314.0,331.0,331.0,329.0,332.0,329.0
199,341,307.3333333333333,340.0,318.0,242.0,314.0,315.0,315.0,315.0,292.0,315.0
198,342,309.22222222222223,343.0,318.0,128.0,314.0,336.0,336.0,333.0,342.0,333.0
146,343,310.77777777777777,328.0,318.0,242.0,292.0,325.0,325.0,321.0,325.0,321.0
158,344,311.0,350.0,351.0,128.0,338.0,333.0,334.0,333.0,299.0,333.0
159,345,311.8888888888889,360.0,351.0,128.0,359.0,332.0,333.0,333.0,278.0,333.0
140,346,312.44444444444446,343.0,318.0,128.0,314.0,344.0,344.0,336.0,349.0,336.0
256,347,314.1111111111111,310.0,289.0,299.0,282.0,327.0,327.0,321.0,351.0,321.0
155,348,320.77777777777777,354.0,351.0,128.0,338.0,345.0,346.0,343.0,339.0,343.0
156,349,323.77777777777777,360.0,351.0,128.0,359.0,347.0,349.0,348.0,324.0,348.0
141,350,324.22222222222223,346.0,318.0,128.0,338.0,358.0,357.0,356.0,361.0,356.0
154,351,325.77777777777777,353.0,351.0,128.0,338.0,352.0,353.0,352.0,353.0,352.0
151,352,326.8888888888889,360.0,351.0,128.0,359.0,350.0,350.0,352.0,340.0,352.0
149,353,329.3333333333333,350.0,351.0,128.0,338.0,360.0,360.0,360.0,357.0,360.0
153,354,329.44444444444446,360.0,351.0,128.0,359.0,354.0,355.0,356.0,346.0,356.0
150,355,330.6666666666667,354.0,351.0,128.0,359.0,356.0,358.0,359.0,352.0,359.0
144,356,331.22222222222223,348.0,318.0,242.0,314.0,353.0,352.0,348.0,358.0,348.0
137,357,333.1111111111111,360.0,351.0,128.0,359.0,361.0,361.0,361.0,356.0,361.0
147,358,333.22222222222223,341.0,318.0,242.0,314.0,357.0,356.0,352.0,367.0,352.0
143,359,333.55555555555554,352.0,318.0,242.0,338.0,351.0,351.0,348.0,354.0,348.0
136,360,333.6666666666667,358.0,351.0,128.0,359.0,363.0,362.0,361.0,360.0,361.0
145,361,335.3333333333333,348.0,318.0,242.0,314.0,359.0,359.0,356.0,366.0,356.0
142,362,339.22222222222223,354.0,351.0,242.0,338.0,355.0,354.0,352.0,355.0,352.0
120,363,341.55555555555554,358.0,351.0,128.0,359.0,377.0,376.0,374.0,377.0,374.0
139,364,345.77777777777777,357.0,351.0,242.0,338.0,368.0,364.0,361.0,370.0,361.0
138,365,348.0,369.0,351.0,242.0,359.0,364.0,363.0,361.0,362.0,361.0
121,366,350.77777777777777,367.0,351.0,242.0,359.0,369.0,369.0,366.0,368.0,366.0
118,367,350.77777777777777,365.0,351.0,242.0,338.0,372.0,372.0,371.0,375.0,371.0
127,368,352.22222222222223,375.0,373.0,242.0,359.0,365.0,365.0,366.0,359.0,366.0
126,369,352.55555555555554,372.0,373.0,242.0,359.0,366.0,366.0,366.0,363.0,366.0
135,370,352.77777777777777,372.0,373.0,242.0,359.0,367.0,366.0,366.0,364.0,366.0
124,371,354.1111111111111,369.0,351.0,242.0,359.0,373.0,373.0,373.0,374.0,373.0
128,372,355.3333333333333,375.0,373.0,242.0,359.0,371.0,371.0,371.0,365.0,371.0
123,373,355.55555555555554,365.0,351.0,242.0,338.0,381.0,379.0,379.0,386.0,379.0
134,374,357.55555555555554,375.0,373.0,242.0,359.0,374.0,375.0,374.0,372.0,374.0
132,375,357.77777777777777,375.0,373.0,242.0,359.0,376.0,374.0,374.0,373.0,374.0
125,376,358.22222222222223,372.0,351.0,299.0,359.0,370.0,370.0,366.0,371.0,366.0
122,377,361.22222222222223,369.0,351.0,242.0,359.0,387.0,385.0,385.0,388.0,385.0
119,378,361.77777777777777,367.0,351.0,242.0,359.0,390.0,387.0,385.0,390.0,385.0
130,379,362.44444444444446,375.0,373.0,242.0,359.0,383.0,382.0,383.0,382.0,383.0
129,380,369.3333333333333,382.0,373.0,242.0,384.0,391.0,391.0,390.0,381.0,390.0
131,381,370.77777777777777,384.0,384.0,242.0,393.0,388.0,390.0,390.0,376.0,390.0
133,382,373.0,380.0,373.0,242.0,384.0,397.0,396.0,396.0,393.0,396.0
96,383,375.55555555555554,388.0,384.0,299.0,393.0,384.0,384.0,385.0,378.0,385.0
102,384,378.77777777777777,393.0,384.0,427.0,384.0,362.0,368.0,361.0,369.0,361.0
110,385,379.55555555555554,383.0,373.0,393.0,359.0,382.0,381.0,379.0,387.0,379.0
105,386,380.55555555555554,385.0,384.0,393.0,384.0,375.0,377.0,374.0,379.0,374.0
112,387,382.77777777777777,386.0,384.0,427.0,359.0,378.0,378.0,374.0,385.0,374.0
113,388,385.1111111111111,386.0,384.0,427.0,359.0,380.0,383.0,379.0,389.0,379.0
117,389,386.55555555555554,381.0,373.0,427.0,359.0,389.0,388.0,383.0,396.0,383.0
104,390,387.22222222222223,389.0,384.0,427.0,384.0,379.0,380.0,379.0,384.0,379.0
99,391,391.1111111111111,391.0,384.0,393.0,384.0,394.0,394.0,394.0,392.0,394.0
101,392,391.6666666666667,397.0,384.0,427.0,393.0,385.0,386.0,385.0,383.0,385.0
103,393,393.8888888888889,395.0,384.0,427.0,384.0,392.0,392.0,390.0,391.0,390.0
100,394,394.6666666666667,400.0,399.0,427.0,393.0,386.0,389.0,389.0,380.0,389.0
106,395,394.77777777777777,392.0,384.0,393.0,393.0,398.0,398.0,398.0,399.0,398.0
111,396,395.1111111111111,389.0,384.0,427.0,384.0,393.0,393.0,393.0,400.0,393.0
107,397,395.8888888888889,395.0,384.0,427.0,384.0,395.0,395.0,394.0,395.0,394.0
91,398,395.8888888888889,407.0,407.0,299.0,408.0,410.0,410.0,410.0,402.0,410.0
108,399,396.55555555555554,394.0,384.0,393.0,393.0,401.0,401.0,400.0,403.0,400.0
109,400,398.1111111111111,397.0,384.0,427.0,393.0,396.0,397.0,396.0,397.0,396.0
114,401,402.6666666666667,403.0,399.0,427.0,393.0,400.0,399.0,399.0,405.0,399.0
98,402,402.8888888888889,399.0,399.0,427.0,393.0,402.0,402.0,400.0,404.0,400.0
92,403,403.1111111111111,404.0,399.0,427.0,405.0,399.0,400.0,400.0,394.0,400.0
94,404,404.77777777777777,406.0,399.0,427.0,393.0,403.0,403.0,403.0,406.0,403.0
115,405,405.6666666666667,400.0,399.0,427.0,393.0,407.0,405.0,404.0,412.0,404.0
116,406,405.6666666666667,400.0,399.0,427.0,393.0,407.0,405.0,404.0,412.0,404.0
84,407,407.22222222222223,409.0,407.0,427.0,408.0,404.0,404.0,404.0,398.0,404.0
93,408,408.1111111111111,404.0,399.0,427.0,405.0,409.0,407.0,407.0,408.0,407.0
31,409,408.3333333333333,433.0,430.0,32.0,437.0,469.0,468.0,469.0,468.0,469.0
24,410,409.0,431.0,434.0,21.0,437.0,472.0,471.0,472.0,471.0,472.0
27,411,409.3333333333333,430.0,430.0,21.0,437.0,473.0,473.0,473.0,474.0,473.0
85,412,409.3333333333333,410.0,407.0,427.0,408.0,405.0,408.0,409.0,401.0,409.0
97,413,411.0,408.0,407.0,427.0,405.0,411.0,411.0,410.0,410.0,410.0
23,414,412.44444444444446,440.0,434.0,21.0,449.0,474.0,474.0,474.0,472.0,474.0
18,415,412.6666666666667,429.0,434.0,11.0,449.0,479.0,479.0,479.0,475.0,479.0
25,416,412.8888888888889,437.0,434.0,25.0,437.0,477.0,477.0,476.0,477.0,476.0
26,417,412.8888888888889,441.0,434.0,25.0,437.0,476.0,475.0,476.0,476.0,476.0
36,418,413.44444444444446,434.0,430.0,128.0,432.0,459.0,458.0,461.0,458.0,461.0
19,419,413.55555555555554,428.0,434.0,11.0,449.0,480.0,480.0,480.0,480.0,480.0
90,420,413.77777777777777,412.0,411.0,427.0,408.0,414.0,413.0,414.0,411.0,414.0
95,421,414.0,414.0,411.0,457.0,408.0,406.0,409.0,407.0,407.0,407.0
35,422,414.22222222222223,435.0,430.0,128.0,432.0,461.0,459.0,462.0,459.0,462.0
86,423,414.77777777777777,411.0,411.0,427.0,408.0,415.0,415.0,416.0,414.0,416.0
22,424,415.1111111111111,441.0,434.0,21.0,449.0,478.0,478.0,478.0,479.0,478.0
78,425,416.22222222222223,416.0,416.0,393.0,417.0,421.0,420.0,421.0,421.0,421.0
21,426,416.8888888888889,438.0,434.0,20.0,449.0,481.0,481.0,481.0,487.0,481.0
89,427,416.8888888888889,413.0,411.0,457.0,408.0,412.0,412.0,412.0,415.0,412.0
80,428,417.1111111111111,418.0,418.0,393.0,417.0,422.0,422.0,422.0,420.0,422.0
87,429,417.55555555555554,415.0,411.0,457.0,408.0,413.0,414.0,412.0,416.0,412.0
83,430,418.44444444444446,422.0,421.0,427.0,419.0,417.0,417.0,417.0,409.0,417.0
20,431,418.44444444444446,435.0,445.0,19.0,449.0,483.0,483.0,482.0,488.0,482.0
17,432,418.55555555555554,439.0,445.0,13.0,459.0,482.0,482.0,483.0,481.0,483.0
82,433,419.8888888888889,422.0,421.0,427.0,419.0,418.0,418.0,418.0,418.0,418.0
81,434,420.1111111111111,421.0,421.0,427.0,419.0,419.0,419.0,419.0,417.0,419.0
12,435,420.3333333333333,443.0,445.0,2.0,459.0,488.0,487.0,487.0,485.0,487.0
15,436,421.22222222222223,449.0,452.0,13.0,459.0,484.0,484.0,484.0,482.0,484.0
88,437,421.3333333333333,417.0,416.0,462.0,416.0,416.0,416.0,415.0,419.0,415.0
16,438,421.44444444444446,448.0,452.0,13.0,459.0,485.0,485.0,484.0,483.0,484.0
13,439,423.6666666666667,452.0,452.0,13.0,459.0,487.0,488.0,488.0,486.0,488.0
79,440,423.6666666666667,419.0,418.0,427.0,419.0,425.0,425.0,428.0,424.0,428.0
14,441,424.1111111111111,455.0,452.0,13.0,469.0,486.0,486.0,486.0,484.0,486.0
77,442,424.1111111111111,420.0,418.0,427.0,419.0,426.0,426.0,428.0,425.0,428.0
11,443,424.3333333333333,451.0,452.0,2.0,469.0,489.0,489.0,489.0,489.0,489.0
74,444,425.6666666666667,425.0,425.0,460.0,419.0,420.0,421.0,419.0,423.0,419.0
10,445,426.44444444444446,450.0,452.0,2.0,469.0,495.0,495.0,490.0,495.0,490.0
75,446,427.55555555555554,426.0,425.0,460.0,419.0,423.0,423.0,423.0,426.0,423.0
76,447,427.55555555555554,424.0,421.0,456.0,427.0,424.0,424.0,425.0,422.0,425.0
8,448,428.0,458.0,458.0,2.0,479.0,490.0,491.0,491.0,492.0,491.0
9,449,428.3333333333333,456.0,458.0,2.0,479.0,491.0,492.0,492.0,493.0,492.0
6,450,429.3333333333333,461.0,463.0,2.0,479.0,492.0,490.0,493.0,491.0,493.0
73,451,429.44444444444446,427.0,425.0,463.0,419.0,427.0,427.0,425.0,427.0,425.0
7,452,429.6666666666667,460.0,458.0,2.0,479.0,494.0,494.0,493.0,494.0,493.0
34,453,429.77777777777777,447.0,434.0,242.0,437.0,462.0,460.0,463.0,460.0,463.0
33,454,429.8888888888889,444.0,434.0,242.0,437.0,464.0,461.0,463.0,461.0,463.0
5,455,431.77777777777777,463.0,463.0,2.0,492.0,493.0,493.0,495.0,490.0,495.0
72,456,431.8888888888889,432.0,428.0,467.0,428.0,428.0,428.0,424.0,428.0,424.0
32,457,433.22222222222223,444.0,434.0,242.0,437.0,468.0,469.0,468.0,469.0,468.0
4,458,433.6666666666667,462.0,467.0,2.0,492.0,496.0,496.0,496.0,496.0,496.0
71,459,434.22222222222223,446.0,429.0,467.0,429.0,429.0,429.0,425.0,429.0,425.0
30,460,437.22222222222223,453.0,445.0,242.0,437.0,471.0,472.0,471.0,473.0,471.0
29,461,437.77777777777777,454.0,445.0,242.0,449.0,470.0,470.0,470.0,470.0,470.0
3,462,441.55555555555554,482.0,497.0,13.0,497.0,497.0,497.0,497.0,497.0,497.0
67,463,443.1111111111111,465.0,458.0,484.0,430.0,430.0,430.0,430.0,431.0,430.0
65,464,443.22222222222223,464.0,458.0,481.0,430.0,431.0,431.0,432.0,430.0,432.0
1,465,443.55555555555554,498.0,499.0,1.0,499.0,499.0,499.0,499.0,499.0,499.0
64,466,445.55555555555554,466.0,463.0,471.0,432.0,436.0,436.0,436.0,434.0,436.0
66,467,445.8888888888889,467.0,463.0,481.0,432.0,434.0,434.0,435.0,432.0,435.0
28,468,447.6666666666667,459.0,445.0,299.0,449.0,475.0,476.0,474.0,478.0,474.0
69,469,448.3333333333333,474.0,467.0,490.0,432.0,432.0,432.0,431.0,446.0,431.0
55,470,450.22222222222223,471.0,467.0,471.0,449.0,438.0,437.0,440.0,439.0,440.0
56,471,450.55555555555554,472.0,467.0,471.0,449.0,439.0,438.0,441.0,437.0,441.0
37,472,451.1111111111111,457.0,445.0,393.0,437.0,467.0,465.0,467.0,462.0,467.0
68,473,451.1111111111111,475.0,473.0,489.0,437.0,435.0,435.0,434.0,448.0,434.0
70,474,451.77777777777777,484.0,477.0,491.0,437.0,433.0,433.0,432.0,447.0,432.0
51,475,452.44444444444446,476.0,473.0,471.0,459.0,437.0,439.0,442.0,433.0,442.0
52,476,456.0,477.0,477.0,481.0,459.0,443.0,443.0,444.0,436.0,444.0
50,477,458.77777777777777,479.0,477.0,471.0,469.0,448.0,448.0,451.0,435.0,451.0
53,478,459.55555555555554,480.0,477.0,484.0,469.0,445.0,445.0,446.0,444.0,446.0
62,479,460.8888888888889,491.0,490.0,491.0,469.0,440.0,440.0,437.0,453.0,437.0
54,480,461.1111111111111,488.0,482.0,488.0,469.0,444.0,444.0,445.0,445.0,445.0
49,481,461.55555555555554,487.0,482.0,484.0,469.0,447.0,447.0,449.0,440.0,449.0
60,482,462.44444444444446,492.0,491.0,491.0,479.0,441.0,441.0,438.0,451.0,438.0
45,483,462.55555555555554,483.0,482.0,471.0,479.0,452.0,452.0,453.0,438.0,453.0
39,484,463.0,468.0,467.0,464.0,459.0,463.0,463.0,460.0,463.0,460.0
63,485,463.44444444444446,493.0,491.0,494.0,479.0,442.0,442.0,439.0,452.0,439.0
42,486,464.0,473.0,473.0,469.0,459.0,458.0,462.0,458.0,466.0,458.0
46,487,464.0,486.0,482.0,471.0,479.0,454.0,454.0,454.0,442.0,454.0
48,488,464.44444444444446,490.0,482.0,484.0,479.0,450.0,450.0,452.0,441.0,452.0
44,489,464.44444444444446,485.0,482.0,471.0,479.0,455.0,455.0,455.0,443.0,455.0
38,490,464.6666666666667,469.0,467.0,464.0,459.0,466.0,466.0,463.0,465.0,463.0
61,491,465.3333333333333,494.0,491.0,494.0,479.0,446.0,446.0,442.0,454.0,442.0
43,492,465.44444444444446,481.0,482.0,470.0,479.0,457.0,457.0,457.0,449.0,457.0
47,493,465.8888888888889,489.0,482.0,471.0,479.0,456.0,456.0,455.0,450.0,455.0
40,494,466.6666666666667,470.0,473.0,466.0,469.0,465.0,467.0,463.0,464.0,463.0
41,495,467.1111111111111,478.0,477.0,471.0,469.0,460.0,464.0,459.0,467.0,459.0
58,496,469.77777777777777,495.0,494.0,494.0,492.0,451.0,451.0,448.0,455.0,448.0
59,497,470.55555555555554,497.0,496.0,499.0,496.0,449.0,449.0,446.0,457.0,446.0
57,498,470.8888888888889,496.0,494.0,494.0,492.0,453.0,453.0,450.0,456.0,450.0
2,499,498.1111111111111,499.0,498.0,498.0,498.0,498.0,498.0,498.0,498.0,498.0
