Model,Accuracy,Precision,Recall,F1 Score,ROC AUC Score,Overall MCC
1,0.1801483574708583,0.5728082844099459,0.1801483574708583,0.1949882173238201,0.5661263520454407,0.1122727393948071
2,0.5411515365595196,0.6737149977125438,0.5411515365595196,0.5777248303722698,0.685172193110545,0.3131153972961371
3,0.596255740021194,0.720940316982882,0.596255740021194,0.635409211897755,0.8185862902039859,0.3869782855531611
4,0.6541858000706464,0.7254384689670919,0.6541858000706464,0.6759063928716673,0.8459142284822105,0.4439360586411301
10,0.6658424584952314,0.7263963807804675,0.6658424584952314,0.6789307029300361,0.8608892867381579,0.4579721081292002
7,0.6640762981278701,0.7306525324001661,0.6640762981278701,0.6793070177334081,0.8609831789863621,0.4589617413132872
5,0.6623101377605086,0.7343294524234736,0.6623101377605086,0.6796461750265318,0.8599229021699021,0.4596772791549156
9,0.6647827622748146,0.7312227130255587,0.6647827622748146,0.6805516359339835,0.8598181174871291,0.4600246695649189
8,0.6654892264217591,0.7315235455042575,0.6654892264217591,0.6812657756709599,0.8612378208110424,0.4606283565286868
6,0.6640762981278701,0.7330045134280004,0.6640762981278701,0.6801729801355892,0.8610925677760718,0.4606636025516788
11,0.6732603320381491,0.7359665942594403,0.6732603320381491,0.6870821010286194,0.8611415311761229,0.4711631519909063
13,0.6799717414341222,0.7410287230702491,0.6799717414341222,0.693943122511423,0.8639252668744248,0.4799050243777212
12,0.6803249735075945,0.7410352244910668,0.6803249735075945,0.6936152381134372,0.8617989089134337,0.4809703665301543
14,0.6813846697280113,0.7424196231008997,0.6813846697280113,0.6959375989203548,0.862928717277963,0.4819310527284386
16,0.6838572942423172,0.7425625314505545,0.6838572942423172,0.6976598116760969,0.8629102134614065,0.4843932076824961
15,0.6838572942423172,0.7432475825772107,0.6838572942423172,0.6978571765227083,0.8628551316224584,0.484805383912571
20,0.6873896149770399,0.7405096253648237,0.6873896149770399,0.6992549469299805,0.8625186792052864,0.4862338469599639
17,0.6863299187566231,0.7433230246845213,0.6863299187566231,0.699332356944844,0.8652850049749289,0.4873546839235955
21,0.6898622394913458,0.7406617400359353,0.6898622394913458,0.7010996954750709,0.8619390542863686,0.488194970093195
19,0.6912751677852349,0.7449952594689806,0.6912751677852349,0.7031169575866322,0.8658338073106813,0.4932986109994297
18,0.6919816319321794,0.7470805977504462,0.6919816319321794,0.7045657360583821,0.8636164623210741,0.4952068736122819
22,0.6955139526669022,0.7457635504262055,0.6955139526669022,0.7072402975399925,0.8658058557249131,0.4965990163192126
25,0.697986577181208,0.7466501125570197,0.697986577181208,0.7092296060469754,0.867829880778686,0.4993293632079923
28,0.6990462734016248,0.7464467090841763,0.6990462734016248,0.7100866095213962,0.865471759750049,0.4993307300644234
26,0.697986577181208,0.7470388240404434,0.697986577181208,0.7094910115653564,0.8676906239605008,0.4995657546334564
23,0.6990462734016248,0.749869244038657,0.6990462734016248,0.7108235303275772,0.8668319250168324,0.5027047091797621
27,0.7008124337689863,0.7480867028664481,0.7008124337689863,0.7113786549500639,0.8668822279712244,0.5031275513011447
30,0.7022253620628753,0.7481793520259157,0.7022253620628753,0.7129846546896598,0.8653244466613906,0.5035500893632563
24,0.7011656658424585,0.7498712784887466,0.7011656658424585,0.7125368493093899,0.8676999935075614,0.5046708323115072
29,0.7032850582832921,0.7500251529030713,0.7032850582832921,0.7144312923283865,0.8661440357516298,0.5058102059823714
32,0.7703991522430237,0.825702907351625,0.7703991522430237,0.7825174813421398,0.8952572296334451,0.6228104346765596
31,0.7689862239491346,0.8282944624952474,0.7689862239491346,0.7811834666484256,0.8923231998491877,0.6231865146086649
40,0.7933592370187214,0.8360106256426859,0.7933592370187214,0.8071042535961261,0.8788662520501537,0.6504663101614042
38,0.7933592370187214,0.8359851924396755,0.7933592370187214,0.8070444700811731,0.8791135605481495,0.6505825154929301
37,0.7905333804309431,0.8430376743636123,0.7905333804309431,0.8066487056653634,0.8933206031670976,0.6528639724722153
41,0.796891557753444,0.834442457130482,0.796891557753444,0.809531028602902,0.8769977210220663,0.6531724443805053
39,0.7951253973860827,0.8375848113602379,0.7951253973860827,0.8085251893131775,0.879477375440513,0.6537286793908905
42,0.7972447898269163,0.8355439231950187,0.7972447898269163,0.8098796682413523,0.8781416888182022,0.6544798810417087
33,0.7933592370187214,0.8468213608145008,0.7933592370187214,0.8083835638289841,0.9039496173079024,0.6589869701861478
34,0.7933592370187214,0.8470829828142208,0.7933592370187214,0.808545966946291,0.9032863557981484,0.659061558553927
35,0.7937124690921936,0.8474789801946486,0.7937124690921936,0.8089020829444593,0.9036400158663854,0.6597500177329604
36,0.7947721653126104,0.8482136206109663,0.7947721653126104,0.8098181431508762,0.9040140497494836,0.6613446645469024
43,0.8194984104556694,0.8614440994155546,0.8194984104556694,0.8361343529129073,0.8987800216616693,0.6919542745301206
47,0.8198516425291417,0.8613709095621424,0.8198516425291417,0.8364511582932576,0.8982629683526865,0.6921698443942469
44,0.8198516425291417,0.8623459984930303,0.8198516425291417,0.8367865917751489,0.898564615579193,0.6926779735711425
46,0.8219710349699753,0.8627969890663444,0.8219710349699753,0.8383453580235974,0.8986780554207853,0.6954494043821173
57,0.8251501236312258,0.8564080424185574,0.8251501236312258,0.8384272714085573,0.8977068565235612,0.695628373201978
45,0.823030731190392,0.8630441745425355,0.823030731190392,0.8390775281212701,0.8986023431005422,0.696933088548038
58,0.8262098198516425,0.8571065725241611,0.8262098198516425,0.8393224139732623,0.8977986129403687,0.6973574024338387
48,0.8237371953373366,0.8628080306117456,0.8237371953373366,0.8395458661542945,0.9009124717838034,0.6975194363286867
59,0.8276227481455316,0.8562390486344528,0.8276227481455316,0.8398353795096106,0.9007233324552896,0.6988218596127966
50,0.8244436594842812,0.863559374220637,0.8244436594842812,0.8401148518330207,0.9026904631162024,0.6990020112718642
49,0.825503355704698,0.8629435816420163,0.825503355704698,0.8406610297097661,0.9019780579287832,0.6998781878116971
61,0.8297421405863652,0.8572385908517436,0.8297421405863652,0.841441646992304,0.9055323264284684,0.7021702665643643
53,0.8276227481455316,0.8622571120639754,0.8276227481455316,0.8416617149280852,0.9054454601183384,0.7023831431604236
54,0.8279759802190039,0.8619026829804036,0.8279759802190039,0.8418467261559267,0.9065119146514196,0.7025080948270088
52,0.8286824443659484,0.863305526772701,0.8286824443659484,0.8427280714265204,0.902801837404112,0.7041887747285999
63,0.8311550688802544,0.8587659538448734,0.8311550688802544,0.8428343700896642,0.9059447435545436,0.7048175804576302
60,0.8315083009537266,0.8587860377749638,0.8315083009537266,0.8430769198209412,0.9052508666281032,0.705261987494258
62,0.8318615330271989,0.8587532506273118,0.8318615330271989,0.8431953135894338,0.9067126919693814,0.7058581269217419
51,0.8297421405863652,0.8644462239095724,0.8297421405863652,0.8437292490474289,0.9035339392958952,0.7062158679533047
56,0.8300953726598375,0.8631233324302783,0.8300953726598375,0.8433084101848755,0.908137320233274,0.7063036875273727
55,0.8304486047333098,0.8629542769721246,0.8304486047333098,0.843487134315784,0.907681313202276,0.7066536635202149
64,0.8382197103496998,0.864303856599531,0.8382197103496998,0.8487096091006963,0.9166187775989748,0.7175841244317891
68,0.8399858707170611,0.8616641651626019,0.8399858707170611,0.8490860855305382,0.9158132966070556,0.718261077118561
66,0.8396326386435888,0.8649719157842786,0.8396326386435888,0.8499542778157481,0.9178295251123416,0.7195536320948734
70,0.8428117273048393,0.8617085286475489,0.8428117273048393,0.8509669750330243,0.9106341248583936,0.7218045882708337
69,0.8431649593783116,0.8618686035015541,0.8431649593783116,0.8511356848268324,0.9160330195745068,0.7225610861366473
65,0.8428117273048393,0.8659424179232141,0.8428117273048393,0.8523028718093197,0.9177793107689804,0.7241767264823249
67,0.8442246555987284,0.865319867834581,0.8442246555987284,0.8529490935955613,0.9186637154671202,0.7257754887701469
71,0.8555280819498411,0.8709294917097608,0.8555280819498411,0.8617181868316404,0.922863448103807,0.74406370374173
72,0.8558813140233134,0.8709504869190847,0.8558813140233134,0.861957718997669,0.9233170889147284,0.7445473200228765
73,0.8555280819498411,0.8749551980910951,0.8555280819498411,0.8627642871303509,0.9303235747288476,0.7464677652929996
77,0.8551748498763688,0.8778014314653846,0.8551748498763688,0.8632141765028155,0.9351426251373532,0.7477067479446255
79,0.8551748498763688,0.878392825174109,0.8551748498763688,0.863335715037242,0.9363002873099616,0.7480764067873275
76,0.8555280819498411,0.8793583182138247,0.8555280819498411,0.8640042524990518,0.9343527366312966,0.7488101204239548
75,0.8565877781702579,0.8772551129869501,0.8565877781702579,0.8642077799443875,0.933014599455652,0.7489478550405649
80,0.8569410102437302,0.8798187821306663,0.8569410102437302,0.8649789067337669,0.9365020032937392,0.7510429190208745
74,0.858000706464147,0.8790656444093523,0.858000706464147,0.8656846619690922,0.9328703724753068,0.7517101384637267
78,0.8576474743906747,0.8797966170665819,0.8576474743906747,0.8654060337651256,0.9363831422903952,0.7520061455157844
81,0.858000706464147,0.8818546759764371,0.858000706464147,0.8663979007736454,0.936720987428527,0.7532833693488268
82,0.8583539385376192,0.881379909965557,0.8583539385376192,0.8665189913277123,0.9362698210042512,0.7534704082697603
83,0.8601200989049805,0.8832709280318696,0.8601200989049805,0.8684277195690839,0.9367473684601638,0.7564852228030181
88,0.8668315083009537,0.8808781496280101,0.8668315083009537,0.8721936265854058,0.9369915926831784,0.7641667105111205
86,0.8664782762274814,0.8828503483878128,0.8664782762274814,0.8723953081495084,0.938276006518643,0.7649183162018991
87,0.8675379724478983,0.8822039320227839,0.8675379724478983,0.8729978352250503,0.9382179534601668,0.7658746450089885
90,0.8671847403744259,0.8830135883360402,0.8671847403744259,0.8729452685443666,0.937788547460606,0.7658967352826999
89,0.8675379724478983,0.8824668791532843,0.8675379724478983,0.8730224405915757,0.9384428947006644,0.7660947079331566
97,0.8678912045213706,0.8830969594223342,0.8678912045213706,0.8733700824562237,0.9383208210891222,0.7669954436402607
91,0.8678912045213706,0.8844884272857094,0.8678912045213706,0.8738147175025976,0.9396522837152628,0.7676178668724477
95,0.8689509007417874,0.8834026674667732,0.8689509007417874,0.874326883722446,0.9368499280893986,0.7683113060424842
85,0.8685976686683151,0.8845903195420189,0.8685976686683151,0.8743985148411041,0.9393557117619324,0.7684876261260433
93,0.8689509007417874,0.8833082033171962,0.8689509007417874,0.8741424051195235,0.9400729392227573,0.7685086738384388
116,0.8693041328152596,0.8829889158402746,0.8693041328152596,0.8742500135885098,0.9421570755553628,0.7688777349450782
115,0.8693041328152596,0.8829889158402746,0.8693041328152596,0.8742500135885098,0.9421570755553628,0.7688777349450782
84,0.8693041328152596,0.8848275542469438,0.8693041328152596,0.8749179330714489,0.9389396120836406,0.7695852304100814
94,0.8700105969622042,0.8836679690019119,0.8700105969622042,0.8750193982026294,0.9400737697220044,0.770005563078271
98,0.8707170611091487,0.8841951237369253,0.8707170611091487,0.8755876293424915,0.939137495793115,0.7713113473603597
108,0.8707170611091487,0.8843154732886439,0.8707170611091487,0.8756103733783811,0.9432042556614748,0.7713865491101123
92,0.8707170611091487,0.8851607566674959,0.8707170611091487,0.8759665682110548,0.9396661479804704,0.7716307465635052
114,0.871070293182621,0.8840953602999506,0.871070293182621,0.8758430091651997,0.9419494226325236,0.7716499699869492
106,0.8714235252560932,0.8848054779471733,0.8714235252560932,0.876225229905684,0.9431706231919682,0.7725779715477101
109,0.8717767573295655,0.8848828418257304,0.8717767573295655,0.8765385776134565,0.94275510895759,0.7730048917276214
133,0.8717767573295655,0.8851798298247483,0.8717767573295655,0.8764332688712058,0.9447043756346994,0.7734463447025287
107,0.8721299894030378,0.8850150148121791,0.8721299894030378,0.8767924518017205,0.9426540752714162,0.7735754505031637
99,0.8721299894030378,0.8853081776190168,0.8721299894030378,0.8768697151042248,0.9400159751632936,0.7737385136022962
111,0.87248322147651,0.8847417408851622,0.87248322147651,0.8769526599599938,0.9427514001276194,0.7739111876682702
103,0.8728364535499823,0.8857082091748872,0.8728364535499823,0.8774733858381407,0.941821799526013,0.7748608167834623
129,0.8728364535499823,0.8869693491352907,0.8728364535499823,0.8777865753798247,0.9437805048056755,0.775557962013252
131,0.8728364535499823,0.8874410986498794,0.8728364535499823,0.8779708503815412,0.9432720987110752,0.7757141760419608
100,0.8731896856234546,0.8870180189506198,0.8731896856234546,0.878222013610928,0.9394995696315012,0.7757759596984652
117,0.8738961497703992,0.8849062219209577,0.8738961497703992,0.8779204447027613,0.9425156483413678,0.7759335497318249
119,0.8735429176969269,0.8859270392857543,0.8735429176969269,0.8778943052690064,0.9435250324817482,0.7761025486816509
101,0.8735429176969269,0.8866879369608567,0.8735429176969269,0.878318644785316,0.9394921153049266,0.7761596619340068
122,0.8735429176969269,0.8861480262603304,0.8735429176969269,0.8779762421744726,0.9435579346741392,0.7761831429272416
96,0.8735429176969269,0.8873198256592623,0.8735429176969269,0.8784812508965983,0.9389603886203588,0.7765014686787473
113,0.8742493818438715,0.8861236166702806,0.8742493818438715,0.8785817919347529,0.943013759056414,0.7769014247636932
130,0.8738961497703992,0.8869678892042495,0.8738961497703992,0.8784988489735217,0.9444436379822128,0.7769827779563158
110,0.8742493818438715,0.8861687055522721,0.8742493818438715,0.8785377029673989,0.9422350923735162,0.7770180972331702
104,0.8742493818438715,0.8865427509700609,0.8742493818438715,0.8787262519799527,0.9418083275937832,0.7770749992766857
123,0.8742493818438715,0.8864480435556392,0.8742493818438715,0.8785422720749525,0.9431318800048732,0.7772734670055856
112,0.8746026139173437,0.8864712917805526,0.8746026139173437,0.8789323883377114,0.942963576490802,0.7775318205219097
105,0.8746026139173437,0.8872476326437483,0.8746026139173437,0.8791948837558017,0.9428650501912432,0.7778530983210122
120,0.8746026139173437,0.8873282127480973,0.8746026139173437,0.8790469229977932,0.9437110789797328,0.7781606303738088
134,0.8746026139173437,0.8876983212278775,0.8746026139173437,0.8792170330901222,0.9449925112067898,0.7782412940730602
132,0.8746026139173437,0.8876564302724859,0.8746026139173437,0.8791627351894662,0.943690466220644,0.7782872715649556
124,0.874955845990816,0.887619434651375,0.874955845990816,0.879423756183641,0.9430581831272472,0.7786931441029786
118,0.8753090780642883,0.8875570226024362,0.8753090780642883,0.8796486324503919,0.9425910783285336,0.7791322109049725
128,0.8753090780642883,0.8884287532515054,0.8753090780642883,0.8799352172067226,0.9438279330960072,0.7794998101898046
125,0.8756623101377605,0.8878155554746361,0.8756623101377605,0.8799734730666589,0.942961779825764,0.7797136412052917
121,0.8756623101377605,0.88812506930341,0.8756623101377605,0.8800698600325381,0.9432038792173716,0.779856619301209
102,0.8760155422112328,0.8880933366700094,0.8760155422112328,0.8804748769950264,0.9417195521742728,0.7800348547027611
126,0.8756623101377605,0.8885743593660584,0.8756623101377605,0.880219387089266,0.9444207421140828,0.7800404781423306
135,0.8756623101377605,0.8885608526053546,0.8756623101377605,0.8802128538917373,0.9449825965491124,0.7800404781423306
127,0.8756623101377605,0.8887825039263151,0.8756623101377605,0.8802690709034009,0.9443085843824393,0.7801557007774478
139,0.8760155422112328,0.887824201451712,0.8760155422112328,0.8801757464831376,0.944428235551733,0.7802563807111748
138,0.8760155422112328,0.8886902460691279,0.8760155422112328,0.8804633060808934,0.9454458880179504,0.7806166513347442
136,0.8760155422112328,0.8887770156342204,0.8760155422112328,0.880471019901055,0.9444400886520974,0.7806869727794205
137,0.8760155422112328,0.8890030474366063,0.8760155422112328,0.8805485390174458,0.9441303625440268,0.7807757552954487
149,0.876368774284705,0.8889879752965429,0.876368774284705,0.8807392816809057,0.9434897824025974,0.7813163858464195
145,0.8770752384316496,0.888259214767229,0.8770752384316496,0.8810130584107349,0.94381893999305,0.7819048709715632
150,0.8767220063581773,0.8898119991689163,0.8767220063581773,0.8812560166132125,0.942798414696104,0.7821231384779327
141,0.8770752384316496,0.8887603972622795,0.8770752384316496,0.8811480710103105,0.9447909718339632,0.7821642828430972
147,0.8774284705051218,0.8882012243371762,0.8774284705051218,0.8812220467472627,0.9442198566295522,0.782372943509732
153,0.8770752384316496,0.8900988292147408,0.8770752384316496,0.8816506380931695,0.941084971916292,0.7826299934661832
142,0.8774284705051218,0.8890641479984326,0.8774284705051218,0.8815298183377512,0.9447279449466632,0.7826989947215617
154,0.8774284705051218,0.8896374195743083,0.8774284705051218,0.881756804235807,0.9419195460485004,0.7828801343097819
144,0.8777817025785941,0.8889871281467938,0.8777817025785941,0.8817300206456552,0.9450578334253422,0.7831660229490429
143,0.8777817025785941,0.8892129560749644,0.8777817025785941,0.8818267207075094,0.9448498981694256,0.7832270827256556
151,0.8774284705051218,0.8904829013004971,0.8774284705051218,0.8820244161010324,0.9430547859636608,0.7832516906000502
156,0.8777817025785941,0.8908420339856749,0.8777817025785941,0.8823805740425832,0.9414933893237716,0.7838809301800536
164,0.8777817025785941,0.8908318452338668,0.8777817025785941,0.882223245818494,0.941632970641662,0.7841088837328365
148,0.8781349346520664,0.8900282929799587,0.8781349346520664,0.8822215579536472,0.9431356157237084,0.7842192345428961
155,0.8781349346520664,0.8905288997975088,0.8781349346520664,0.882488284032854,0.941699049415084,0.7842721035268826
152,0.8781349346520664,0.8904753997045457,0.8781349346520664,0.8823992251004805,0.9425552085832776,0.7843590184792785
140,0.8784881667255386,0.8900128814369701,0.8784881667255386,0.8825148646322207,0.9451372136311486,0.7845986239883835
167,0.8781349346520664,0.8913082987121766,0.8781349346520664,0.8826309929429352,0.9428441288213232,0.784765780868053
160,0.8781349346520664,0.89145825717399,0.8781349346520664,0.8827207377050615,0.9427756269945426,0.784765780868053
179,0.8784881667255386,0.8904183685578643,0.8784881667255386,0.8826173857856758,0.941733644383718,0.7848153577682725
168,0.8784881667255386,0.8908337161790757,0.8784881667255386,0.8827549812090772,0.9422199081095056,0.7849885600766452
169,0.8784881667255386,0.8908297534741636,0.8784881667255386,0.8827273040831909,0.9415127101951428,0.7850236344239809
170,0.8784881667255386,0.8910540802145434,0.8784881667255386,0.8828033907544414,0.9416106235508124,0.7851114213192387
163,0.8784881667255386,0.8911379483971985,0.8784881667255386,0.882808834961142,0.9422570404091722,0.7851806575251655
198,0.8788413987990109,0.8904257963150334,0.8788413987990109,0.88293180937997,0.9413179810383636,0.7851813106836346
165,0.8784881667255386,0.8914820312466891,0.8784881667255386,0.8829592626121568,0.9425146387867276,0.7852687924576963
158,0.8788413987990109,0.8915728686681066,0.8788413987990109,0.883285220621471,0.9419109660562798,0.7856969871046227
159,0.8788413987990109,0.8919311437597423,0.8788413987990109,0.8834491380170958,0.9415791947459744,0.7857762207938305
161,0.8791946308724832,0.8911129427267779,0.8791946308724832,0.8832722998219013,0.9425103188461996,0.7861377312767877
205,0.8795478629459554,0.8907452011113333,0.8795478629459554,0.8835206710972131,0.9450496989327174,0.7862607880381617
209,0.8795478629459554,0.8910505614775053,0.8795478629459554,0.8835981617518984,0.9462555416727532,0.786422611862924
166,0.8791946308724832,0.8924520005281468,0.8791946308724832,0.8837675117635522,0.9419970477004546,0.7866059658331498
171,0.8799010950194278,0.8913508411943731,0.8799010950194278,0.883895563557299,0.9419648207852293,0.7870943746844633
256,0.8806075591663723,0.8898284150600188,0.8806075591663723,0.8839610061107828,0.950545715616329,0.7872629597639734
211,0.8802543270929001,0.8908606842665092,0.8802543270929001,0.884037247505329,0.9463682341261344,0.7872634150607819
146,0.8806075591663723,0.890840198848879,0.8806075591663723,0.8842305649087904,0.9436936996066012,0.7878003814758869
173,0.8802543270929001,0.8922363963610792,0.8802543270929001,0.8844031639392198,0.9420249821751272,0.7879724406787789
253,0.8809607912398446,0.8902608854292604,0.8809607912398446,0.8843063679378153,0.9509341655974676,0.7879844047973468
201,0.8806075591663723,0.8916143742587197,0.8806075591663723,0.8845093093474148,0.9430463324713252,0.7880815513486046
208,0.8809607912398446,0.8910986849286268,0.8809607912398446,0.8846161913649253,0.946130144842002,0.7882820321448216
200,0.8809607912398446,0.891150137508357,0.8809607912398446,0.8845891658520046,0.9425267748312796,0.788377431594407
259,0.8813140233133169,0.8900018146016535,0.8813140233133169,0.8844352765362209,0.9509561307442193,0.7883941135296267
174,0.8806075591663723,0.8921806595881574,0.8806075591663723,0.8846271218701353,0.9425951532137278,0.7884242074706697
233,0.8813140233133169,0.8901161515565659,0.8813140233133169,0.8844664371031425,0.947188360993664,0.7884526404536188
162,0.8802543270929001,0.8932530603201057,0.8802543270929001,0.8846470524520456,0.942912274370649,0.7885218590830549
199,0.8809607912398446,0.8916782795109118,0.8809607912398446,0.8847909975980497,0.9420344525554296,0.7885531822266376
197,0.8813140233133169,0.8913073988666868,0.8813140233133169,0.8848726903315517,0.9421222666980338,0.7889329872133573
176,0.8809607912398446,0.8925622685281568,0.8809607912398446,0.8849994657149689,0.9419468914125964,0.7890470415989597
157,0.8809607912398446,0.8926673020152018,0.8809607912398446,0.8850543804480924,0.9419309017048714,0.789061944016974
193,0.8813140233133169,0.8918345960265089,0.8813140233133169,0.8850783407892213,0.9422229111067828,0.7891020059713312
277,0.8816672553867891,0.8906796865186432,0.8816672553867891,0.8849291198537586,0.9495203497126606,0.7891059457006242
212,0.8813140233133169,0.8921273650870439,0.8813140233133169,0.8851474439605208,0.9461301747864193,0.7892666710705489
196,0.8813140233133169,0.892217110622248,0.8813140233133169,0.8851834188467936,0.9412548716511386,0.7892958624296528
183,0.8813140233133169,0.892197085081445,0.8813140233133169,0.8851420251117647,0.9423742569140072,0.7893429223972381
266,0.8820204874602614,0.8900510324566514,0.8820204874602614,0.8849314077704118,0.9502330977331024,0.7893625858321937
184,0.8813140233133169,0.8920490567849664,0.8813140233133169,0.8850412899142502,0.942279666166436,0.7893637723959767
175,0.8813140233133169,0.8920500252782785,0.8813140233133169,0.8850362276870422,0.9421146070383118,0.7893714127637681
207,0.8816672553867891,0.8916014591231338,0.8816672553867891,0.8852460614117511,0.9462709966587408,0.7894734805059529
278,0.8820204874602614,0.890535446048632,0.8820204874602614,0.8850818484909789,0.9501221848336636,0.7895859772637223
213,0.8816672553867891,0.8918882253057525,0.8816672553867891,0.88531487861135,0.9463370094322228,0.78963472605706
236,0.8820204874602614,0.8908618726612888,0.8820204874602614,0.8852007318047949,0.9477517664272872,0.7897051351077143
172,0.8813140233133169,0.8933349687749624,0.8813140233133169,0.8854932455880106,0.9418467560589412,0.7898463468406198
190,0.8816672553867891,0.8924750728775276,0.8816672553867891,0.8854980480736709,0.9418045387083296,0.7898975070064598
260,0.8823737195337337,0.8907187386678395,0.8823737195337337,0.8853917671919966,0.9506656124520668,0.7901242858674936
251,0.8823737195337337,0.8912332698956431,0.8823737195337337,0.8855652386550847,0.9507240835101642,0.7903340843156546
182,0.8816672553867891,0.8934875258643044,0.8816672553867891,0.8857696480265013,0.9423154228562388,0.7904068035091978
206,0.8820204874602614,0.8927900053969923,0.8820204874602614,0.8858493950960559,0.9453947252310048,0.7904864674436062
254,0.8827269516072059,0.8907852845477753,0.8827269516072059,0.8856597099116561,0.9507032226401892,0.790617166669106
210,0.8823737195337337,0.8923390260933292,0.8823737195337337,0.8859710276262647,0.9463645271294951,0.7907320379946212
180,0.8820204874602614,0.8932162669104122,0.8820204874602614,0.885919817266482,0.9419211068248632,0.790777087137775
204,0.8823737195337337,0.8922992984569462,0.8823737195337337,0.8858980045716413,0.9445513767734184,0.7908120183656877
249,0.8827269516072059,0.8915539139052673,0.8827269516072059,0.8858882921247623,0.9496383814389788,0.7909866060047072
203,0.8827269516072059,0.892214932796413,0.8827269516072059,0.8861887294340258,0.9440551666122046,0.7911262118596917
248,0.8830801836806782,0.8909224829434454,0.8830801836806782,0.8859490333607117,0.9501939145464062,0.7911397024442351
262,0.8830801836806782,0.8909701132101232,0.8830801836806782,0.8859652117004901,0.950086549143751,0.7911632259279532
181,0.8823737195337337,0.8931576136869837,0.8823737195337337,0.8861301470157238,0.942230782821868,0.7912485652267067
247,0.8830801836806782,0.8916464648198904,0.8830801836806782,0.8861847642015708,0.9504359473269632,0.7914583745287805
189,0.8823737195337337,0.8939293778722599,0.8823737195337337,0.8864310344259461,0.9424171165418144,0.7914909564123714
250,0.8830801836806782,0.8916491154857331,0.8830801836806782,0.8861472703484098,0.950178331227202,0.7915212872224846
269,0.8834334157541505,0.890546627309544,0.8834334157541505,0.8860205689809745,0.9500447595705293,0.7915291831752149
258,0.8834334157541505,0.8906701604639552,0.8834334157541505,0.886071041195674,0.95125062981054,0.7915686052589571
265,0.8834334157541505,0.8908651003868373,0.8834334157541505,0.88617756987748,0.9495716047773004,0.791577434633904
194,0.8827269516072059,0.8933701200477939,0.8827269516072059,0.8865125943018615,0.9421822203103424,0.7917018067494073
261,0.8834334157541505,0.8912339551734214,0.8834334157541505,0.8862684940562853,0.9505912745194666,0.7917920353562955
268,0.8834334157541505,0.8914289014926832,0.8834334157541505,0.8863761162594647,0.9497115099837864,0.7918012034640246
192,0.8827269516072059,0.8936507003523783,0.8827269516072059,0.8865651089185866,0.9418645723761212,0.7918792612253386
279,0.8834334157541505,0.8916095965949529,0.8834334157541505,0.8863936102347793,0.9497923776326888,0.7919501263026725
177,0.8827269516072059,0.8937295186608156,0.8827269516072059,0.8865585316128928,0.9414456701448146,0.7919620567485985
257,0.8834334157541505,0.8918269921000285,0.8834334157541505,0.8864842534229006,0.9511863385354976,0.7920098838436054
178,0.8830801836806782,0.8932123264621376,0.8830801836806782,0.886672113271836,0.941946781412696,0.792159771185965
188,0.8830801836806782,0.8934061230324142,0.8830801836806782,0.8867285868183014,0.9419389946419782,0.7922515271193123
246,0.8837866478276227,0.8911580632223173,0.8837866478276227,0.8864677631665391,0.9476392353070934,0.7922585558289258
252,0.8837866478276227,0.8918048200157767,0.8837866478276227,0.886708891935353,0.950238356339446,0.7924899260052233
191,0.8830801836806782,0.8940202015065178,0.8830801836806782,0.8869262924198862,0.9417946099951092,0.7925099572239704
255,0.8837866478276227,0.8917706500220304,0.8837866478276227,0.8866772792690465,0.9506772877192592,0.7925111098176538
225,0.8834334157541505,0.8928357132030426,0.8834334157541505,0.8867270725520386,0.9473837379276332,0.7925790846308668
234,0.8837866478276227,0.8922803404811321,0.8837866478276227,0.886810209164216,0.9476759367738172,0.7927808522562941
272,0.884139879901095,0.8914673582618119,0.884139879901095,0.886817250086082,0.949319953116576,0.7928550399776559
439,0.8844931119745673,0.8906775072443179,0.8844931119745673,0.8868372667415012,0.949273278325561,0.7928784336107068
186,0.8834334157541505,0.893763074915591,0.8834334157541505,0.8870792809012826,0.9424430429071968,0.7928887721159433
245,0.8837866478276227,0.892657542659999,0.8837866478276227,0.8869357759189147,0.947691769426129,0.7929375223726051
270,0.884139879901095,0.8918310411716394,0.884139879901095,0.8869318536440817,0.9499169739086104,0.7930196827071736
267,0.884139879901095,0.8922313304618552,0.884139879901095,0.887088955180611,0.9501711274559556,0.7931494694246622
386,0.8844931119745673,0.8908210309976559,0.8844931119745673,0.886773108927022,0.9505568537173416,0.7931762627886625
215,0.8837866478276227,0.8933315782046178,0.8837866478276227,0.8871741282537046,0.946155230319258,0.7931934459232863
276,0.884139879901095,0.892350804647756,0.884139879901095,0.887126455704771,0.9499703244713504,0.7932027217511033
214,0.8837866478276227,0.893398340574452,0.8837866478276227,0.8871521636360168,0.9458535543705552,0.7932908763999336
187,0.8837866478276227,0.8934943705060313,0.8837866478276227,0.8872063253550858,0.9422084436754554,0.7932975316353018
238,0.884139879901095,0.8924095926957117,0.884139879901095,0.8870715286855083,0.9474577586938544,0.7933521315897059
216,0.8837866478276227,0.8938130291615011,0.8837866478276227,0.8873067487643531,0.9457389411966932,0.7934331615776221
220,0.884139879901095,0.8926689278953687,0.884139879901095,0.8871492356794635,0.9472098366408592,0.7934728647490455
240,0.884139879901095,0.8929602724100494,0.884139879901095,0.8873072599443522,0.9475108965901204,0.7934875676730715
263,0.8844931119745673,0.8925221415409795,0.8844931119745673,0.8874182565766655,0.95023913978318,0.7937595812521477
280,0.8844931119745673,0.8925038221931615,0.8844931119745673,0.8874003477037112,0.9497795351443324,0.7937723107417819
239,0.8844931119745673,0.8926077720955103,0.8844931119745673,0.8874228166340562,0.948085569069084,0.7938356288462692
291,0.8844931119745673,0.8924795621668078,0.8844931119745673,0.8873443296101515,0.9499570279278504,0.7938441119334405
202,0.884139879901095,0.8938165931379808,0.884139879901095,0.8875686859878579,0.9445576486010652,0.7938781729797485
244,0.8844931119745673,0.8927269388059674,0.8844931119745673,0.8874542589215146,0.9476194414361508,0.7938960743393817
235,0.8844931119745673,0.8928251773610654,0.8844931119745673,0.887510628892783,0.9477802454014664,0.7938985678580955
195,0.884139879901095,0.8942485916183703,0.884139879901095,0.8878089064814384,0.9419443137482664,0.7939045614513622
241,0.8844931119745673,0.8926967565576226,0.8844931119745673,0.887433548767918,0.9473798653200332,0.7939046026812462
243,0.8844931119745673,0.8929077119688129,0.8844931119745673,0.8875130173122519,0.9476600863992992,0.793974638177771
264,0.8848463440480395,0.8923832938279266,0.8848463440480395,0.8876065156066968,0.9494357555115815,0.7941874866434975
389,0.8851995761215118,0.8914704466700063,0.8851995761215118,0.8874877766862399,0.9509358534848262,0.7943682649913069
275,0.8851995761215118,0.8918299946697124,0.8851995761215118,0.8876483034217811,0.9492286978104252,0.7944487555039864
394,0.885552808194984,0.8907787492315508,0.885552808194984,0.8875114715903479,0.950175856229446,0.7944977253501753
387,0.8851995761215118,0.8917931219914665,0.8851995761215118,0.8875819273015514,0.9511421772422036,0.7945317093291118
242,0.8848463440480395,0.893067515892058,0.8848463440480395,0.8877976247518334,0.94789099880105,0.7945341590131294
271,0.8851995761215118,0.892345897317745,0.8851995761215118,0.8878073913060703,0.950044527959628,0.79469227012669
435,0.885552808194984,0.8916813527275858,0.885552808194984,0.8878611088112692,0.9494332530138506,0.7947855716047959
185,0.8848463440480395,0.8937983249025957,0.8848463440480395,0.8880290653823298,0.9426561273806668,0.7948583231288368
228,0.8848463440480395,0.8939174665232831,0.8848463440480395,0.8880567490167997,0.9475562263267991,0.7949222616236238
390,0.885552808194984,0.8916573161590281,0.885552808194984,0.8877851382475764,0.951059803816889,0.7949302060480856
230,0.8848463440480395,0.893895609948118,0.8848463440480395,0.8880395925128796,0.9477120815188238,0.7949314297976138
281,0.8851995761215118,0.8931550093595184,0.8851995761215118,0.8880839240974566,0.948572679182993,0.7950189492785591
218,0.8851995761215118,0.8931902358367355,0.8851995761215118,0.8880459533667283,0.9475717259238574,0.7951198349471423
274,0.885552808194984,0.892558708596925,0.885552808194984,0.888136236871509,0.949238567857032,0.795226300256892
438,0.8859060402684564,0.8917090091174741,0.8859060402684564,0.8881135460539799,0.949419661915062,0.7952358002937224
232,0.8851995761215118,0.8936199109626365,0.8851995761215118,0.8882202561725432,0.9475718200348832,0.7952428495914117
273,0.885552808194984,0.8931463992978422,0.885552808194984,0.88835504075899,0.9491902381786286,0.7954341341958636
428,0.8862592723419287,0.8910952537641571,0.8862592723419287,0.8881351527890118,0.9496795709016336,0.7954526219988809
388,0.8859060402684564,0.8919759883851602,0.8859060402684564,0.8881598107489393,0.9515618207506158,0.7954841763955699
227,0.885552808194984,0.8938066879990236,0.885552808194984,0.8885221429590537,0.9476198820468624,0.795796806729233
339,0.885552808194984,0.8936170387266331,0.885552808194984,0.8883964701650325,0.9499419921637048,0.795829402736826
395,0.8862592723419287,0.8917965765603947,0.8862592723419287,0.8883538119192547,0.9507919620041766,0.7958378866775225
326,0.885552808194984,0.8940343413350472,0.885552808194984,0.8885564593113564,0.9496560394785242,0.7959632867717253
226,0.885552808194984,0.8944497942849634,0.885552808194984,0.8887074116219627,0.9478894740802102,0.7961088664313067
436,0.8862592723419287,0.8925000936201201,0.8862592723419287,0.8886054020014821,0.9497080651535764,0.7961165195871528
381,0.8862592723419287,0.8922842332072671,0.8862592723419287,0.8884453952636296,0.9507320597251546,0.7961993997956008
333,0.8859060402684564,0.8934435508710051,0.8859060402684564,0.8885874822392335,0.949760773439121,0.7962204629381499
237,0.8859060402684564,0.8937774464916763,0.8859060402684564,0.8887417602065526,0.9477214583992112,0.7962822024941806
307,0.8859060402684564,0.8937093343242367,0.8859060402684564,0.8886815850110745,0.9495181161035748,0.7963205068100482
398,0.886612504415401,0.891821369010051,0.886612504415401,0.8885943020637371,0.950668341060704,0.7963399808635183
429,0.886612504415401,0.8919215805479193,0.886612504415401,0.8886286369154918,0.9495613100088568,0.7963525239955704
219,0.8859060402684564,0.8939135288118762,0.8859060402684564,0.8887607094428811,0.946789652299604,0.7963856769939942
437,0.886612504415401,0.8921297476297053,0.886612504415401,0.8887213110683845,0.9487952590922984,0.7964110010328269
288,0.8859060402684564,0.8939811066853358,0.8859060402684564,0.8887467957584546,0.9497664042117936,0.7964738332479832
418,0.886612504415401,0.8922827099109324,0.886612504415401,0.8887759070799404,0.9513551242157984,0.7964768255059306
385,0.8862592723419287,0.892956383905633,0.8862592723419287,0.8886573242310644,0.9506827357698752,0.7965081300218777
229,0.8859060402684564,0.8942010892293477,0.8859060402684564,0.8888442875649321,0.947326549590595,0.7965236481012065
224,0.8859060402684564,0.8943042824513389,0.8859060402684564,0.8888941788109269,0.9468989561449463,0.7965390288607841
328,0.8862592723419287,0.893218570079395,0.8862592723419287,0.888725726383165,0.950097884022363,0.7966518555503552
296,0.8862592723419287,0.8933937659954241,0.8862592723419287,0.8887796344661574,0.9499109709696086,0.7967322412759397
383,0.886612504415401,0.8927146242973458,0.886612504415401,0.888836338950751,0.9503120587170668,0.7968447178469991
292,0.8862592723419287,0.893919052230618,0.8862592723419287,0.8890099151395283,0.9504716991278817,0.7968536755517741
345,0.8862592723419287,0.8939755861206048,0.8862592723419287,0.8889939214544824,0.9493729901796,0.7969376501579355
434,0.8869657364888732,0.8924780405031584,0.8869657364888732,0.8890736187475388,0.9487240549346346,0.7970444628908575
404,0.8869657364888732,0.8922964085909719,0.8869657364888732,0.8889718101152286,0.9499864388456288,0.7970633126344844
217,0.8862592723419287,0.8943570796945816,0.8862592723419287,0.8891154060137918,0.9474809283395138,0.7971006032273291
399,0.8869657364888732,0.8924073098969397,0.8869657364888732,0.8890059169555419,0.9503821188757676,0.7971197157172653
231,0.8862592723419287,0.8945861289604443,0.8862592723419287,0.8892217005013412,0.947770358243764,0.7971440202298243
340,0.886612504415401,0.8933113749660506,0.886612504415401,0.889007725907301,0.9501700934568929,0.797147452706989
349,0.886612504415401,0.8933979730886044,0.886612504415401,0.8890180384570823,0.9503308460889216,0.7972163135814343
336,0.886612504415401,0.8935893803874627,0.886612504415401,0.8890942927214214,0.9501055620154016,0.7972759474045469
485,0.8869657364888732,0.8931286642608592,0.8869657364888732,0.8893045075696536,0.9474571194722116,0.7973159610498936
330,0.886612504415401,0.8937844022518084,0.886612504415401,0.8891651064758623,0.9502424703357158,0.7973458959890501
223,0.886612504415401,0.8941909194104487,0.886612504415401,0.889354395443393,0.9468718998361442,0.7974204753977151
303,0.886612504415401,0.8940488635164875,0.886612504415401,0.8892571204711853,0.9508119862637991,0.7974470773041317
393,0.8873189685623455,0.8921039103080536,0.8873189685623455,0.8891288060470981,0.9508854448083078,0.7974712580106784
323,0.886612504415401,0.8942303374693111,0.886612504415401,0.8893217637472122,0.9494986815656398,0.7975166894965915
384,0.8869657364888732,0.8933865819553753,0.8869657364888732,0.8893013773463565,0.9512261138883236,0.7976019552280796
427,0.8873189685623455,0.8926848523706737,0.8873189685623455,0.8893750469279365,0.9498095198949242,0.7976150420422049
409,0.8873189685623455,0.8926644701976555,0.8873189685623455,0.889350464176735,0.9509657105133114,0.797627601788726
285,0.886612504415401,0.894831599501746,0.886612504415401,0.8895420242337576,0.9498205217182826,0.797727715094977
449,0.8873189685623455,0.8929766872837055,0.8873189685623455,0.8894782637812975,0.9505121674800792,0.7977448419456895
442,0.8873189685623455,0.893200418867157,0.8873189685623455,0.8895611331307437,0.9492736969362924,0.7978193232091296
374,0.8869657364888732,0.8939857840515615,0.8869657364888732,0.889479110813082,0.9514075012794212,0.7978946491363117
405,0.8876722006358178,0.8925588729003099,0.8876722006358178,0.8895555928772186,0.9511446956288092,0.7980523477972117
329,0.8869657364888732,0.8943177027297241,0.8869657364888732,0.8895753995857122,0.9499180671853968,0.7980584666664152
338,0.8869657364888732,0.8943177027297241,0.8869657364888732,0.8895753995857122,0.9501954728783268,0.7980584666664152
290,0.8869657364888732,0.8945265201366861,0.8869657364888732,0.8896558059132004,0.949808310507132,0.7981241921783166
417,0.8876722006358178,0.8927517752016482,0.8876722006358178,0.8896253986173334,0.9507092298569648,0.7981243963887165
430,0.8876722006358178,0.892770875554657,0.8876722006358178,0.8896322139887133,0.9499290384532272,0.7981280738509732
221,0.8869657364888732,0.8947324468856663,0.8869657364888732,0.8897721407069235,0.9466677638545608,0.7981286352556702
331,0.8869657364888732,0.8945058866445686,0.8869657364888732,0.8896392462789533,0.950664519786391,0.7981334300281103
357,0.8873189685623455,0.893893448938292,0.8873189685623455,0.8896984426655062,0.95102383201617,0.798316070952573
401,0.8876722006358178,0.892961714234189,0.8876722006358178,0.8896615326295609,0.950278233136624,0.7983207534935741
445,0.8876722006358178,0.8935007033234915,0.8876722006358178,0.8898783283144087,0.9490526435811588,0.7984597596655435
334,0.8873189685623455,0.8941454144320201,0.8873189685623455,0.8897575244242758,0.950186319053293,0.7984654781673123
363,0.8873189685623455,0.8943220228428141,0.8873189685623455,0.8898166128006001,0.9507943685575504,0.798539028029078
378,0.8876722006358178,0.8934746290594409,0.8876722006358178,0.8898070487669274,0.950691734983938,0.798595739786574
353,0.8873189685623455,0.8945065576896941,0.8873189685623455,0.8898793151525399,0.9512723224019832,0.798612940961223
344,0.8873189685623455,0.8944931045882103,0.8873189685623455,0.8898662689040191,0.9495358584763772,0.7986221929365446
341,0.8873189685623455,0.8946968315196377,0.8873189685623455,0.8899475504731231,0.9501366076539202,0.7986829444348057
420,0.88802543270929,0.8929199246151034,0.88802543270929,0.8899126919684827,0.9515683761335612,0.798688523263833
421,0.88802543270929,0.8929837497607089,0.88802543270929,0.8899337822176493,0.9516506450589708,0.7987032518695504
411,0.88802543270929,0.8930490638237305,0.88802543270929,0.8899589966514364,0.9509888544923274,0.7987492451573412
414,0.88802543270929,0.893107930941643,0.88802543270929,0.8899800864992763,0.9510608750936956,0.7987604168861957
419,0.88802543270929,0.8931267635083808,0.88802543270929,0.889986769028753,0.9510687431421172,0.7987640974580332
474,0.88802543270929,0.8932700345486528,0.88802543270929,0.8900541455552254,0.9498185074978864,0.7988124730129924
484,0.88802543270929,0.8932977240366311,0.88802543270929,0.890065546340103,0.9481450564040378,0.7988155723292141
416,0.88802543270929,0.8932722245139947,0.88802543270929,0.8900401312243695,0.951018956576146,0.7988260294870847
354,0.8876722006358178,0.8939817886748809,0.8876722006358178,0.889940468203467,0.9504823746182026,0.7988780736392279
413,0.88802543270929,0.8934031350126015,0.88802543270929,0.8900873662656944,0.9511298890311228,0.7988864333549371
423,0.88802543270929,0.8933160183751947,0.88802543270929,0.8900388377213715,0.9500304840279168,0.7988864333549371
447,0.88802543270929,0.893415745432285,0.88802543270929,0.8900917168886078,0.949107792642268,0.7988890465190108
433,0.88802543270929,0.8933963683179444,0.88802543270929,0.8900666357141077,0.9503985711941842,0.7989030467917063
284,0.8873189685623455,0.8953494245473497,0.8873189685623455,0.8901770082150129,0.9493089598487652,0.798928709173951
432,0.88802543270929,0.8934986607530009,0.88802543270929,0.8901050616983006,0.950099662354084,0.7989555818846642
487,0.88802543270929,0.8937582280547788,0.88802543270929,0.8902287895667074,0.9477462254878668,0.7990142659025403
373,0.8876722006358178,0.8944316484854379,0.8876722006358178,0.8901157777264243,0.9508228463095082,0.7990226962912282
396,0.88802543270929,0.8935819786711173,0.88802543270929,0.8900939681245358,0.9509233434406132,0.7990829166633926
446,0.88802543270929,0.8938781224559422,0.88802543270929,0.8902572352166274,0.9485374517149326,0.7990845934926409
348,0.8876722006358178,0.8944990846136326,0.8876722006358178,0.8901081484615032,0.9502480448862172,0.7991034095517187
337,0.8876722006358178,0.8945850268764682,0.8876722006358178,0.8901521851468679,0.9498059033426476,0.7991126757227995
335,0.8876722006358178,0.8946756464445164,0.8876722006358178,0.8901670878094848,0.9502401181711816,0.7991769814416667
347,0.8876722006358178,0.8946725017559697,0.8876722006358178,0.8901623175825494,0.9494082928142592,0.7991816127190008
293,0.8876722006358178,0.8946725017559697,0.8876722006358178,0.8901623175825494,0.9499099614149684,0.7991816127190008
321,0.8876722006358178,0.8949596087253778,0.8876722006358178,0.8902838457843785,0.9496074195226064,0.7992557224069798
313,0.8876722006358178,0.894838169355592,0.8876722006358178,0.8902080737792214,0.9494660947062964,0.799266391566217
364,0.88802543270929,0.8939030246097159,0.88802543270929,0.8901629341632468,0.9508392595168492,0.7993043871464888
283,0.8876722006358178,0.8951711325914217,0.8876722006358178,0.8903691706819404,0.9491239485720644,0.7993163117882275
424,0.8883786647827623,0.8933175127324836,0.8883786647827623,0.890298002497029,0.9499396528324926,0.7993173755339315
294,0.8876722006358178,0.8951468375146232,0.8876722006358178,0.8903438381604258,0.9499948947824064,0.799335527363522
426,0.8883786647827623,0.8934095651548124,0.8883786647827623,0.8903158263356155,0.9497387789590626,0.7993852560436775
468,0.8883786647827623,0.8935359866257513,0.8883786647827623,0.8903777598198045,0.9495348672550536,0.7993931090540276
466,0.8883786647827623,0.8935434633858246,0.8883786647827623,0.8903626652410139,0.9495372725862062,0.7994483214239042
425,0.8883786647827623,0.8935003726047593,0.8883786647827623,0.890332291494551,0.9503289779239488,0.7994535073606018
379,0.88802543270929,0.8942295238459227,0.88802543270929,0.8902627549087059,0.9506468281357648,0.7994595491239432
452,0.8883786647827623,0.8935475643866501,0.8883786647827623,0.8903495910236074,0.9503043733907016,0.7994618897615514
289,0.8876722006358178,0.8954290340739558,0.8876722006358178,0.8904267948025069,0.9499537542085962,0.7994699216908585
375,0.88802543270929,0.8944248630986606,0.88802543270929,0.8903407701098046,0.950924317550841,0.7995191688881965
370,0.88802543270929,0.8944009084365367,0.88802543270929,0.8903201088358552,0.9512720944577456,0.7995320345179302
444,0.8883786647827623,0.893899810661422,0.8883786647827623,0.8904922245678578,0.948803124696278,0.7995848745163926
311,0.88802543270929,0.8946089235645105,0.88802543270929,0.8904070294108135,0.9502732263078304,0.7995877375636278
490,0.8883786647827623,0.8940334576668195,0.8883786647827623,0.8905593770583347,0.9474184221184084,0.7995911205247802
441,0.8883786647827623,0.8939915137680547,0.8883786647827623,0.8905078841800672,0.948988105417451,0.7996537060234671
360,0.88802543270929,0.8946813669069363,0.88802543270929,0.8904049516066757,0.9511038581658352,0.7996641849614923
346,0.88802543270929,0.8946813669069363,0.88802543270929,0.8904049516066757,0.9501372047089344,0.7996641849614923
367,0.88802543270929,0.8946608906901541,0.88802543270929,0.890388719915447,0.9511635233339611,0.7996731085293631
318,0.88802543270929,0.8949523221274079,0.88802543270929,0.8905156857460286,0.949606054301622,0.7997417001648293
422,0.8887318968562345,0.8932441819940959,0.8887318968562345,0.8904955148736939,0.9502647398155248,0.7997672881053841
392,0.8883786647827623,0.8938702754344712,0.8883786647827623,0.8903767670466867,0.9508766759829248,0.7997894037750498
391,0.8883786647827623,0.8939337242597046,0.8883786647827623,0.8904104227281717,0.9505831828045808,0.7997953928353874
314,0.88802543270929,0.895117195648429,0.88802543270929,0.8905617862591341,0.9492308580862442,0.7998256226678233
297,0.88802543270929,0.8952439709207933,0.88802543270929,0.8906064618220582,0.9498952697060666,0.799872131164348
282,0.88802543270929,0.8954499420194595,0.88802543270929,0.890722419255292,0.9487497845224176,0.7998758821600239
320,0.88802543270929,0.8952181901300232,0.88802543270929,0.8905852657690709,0.9497501828931676,0.7998844425001608
400,0.8887318968562345,0.893205191598432,0.8887318968562345,0.890429421537732,0.950871804209564,0.7998937423255518
431,0.8887318968562345,0.893608157595191,0.8887318968562345,0.8906139087775945,0.9499376062232372,0.799955632079006
308,0.88802543270929,0.8955054640267314,0.88802543270929,0.8907034784441695,0.949863737012434,0.799963572680734
325,0.88802543270929,0.8955861190960145,0.88802543270929,0.8907090848498915,0.950319217266132,0.800033097997336
365,0.8883786647827623,0.8945104935889399,0.8883786647827623,0.8905816488400844,0.951268066628064,0.8000816536133852
475,0.8887318968562345,0.8939465853581596,0.8887318968562345,0.890736760369093,0.9497638882696302,0.8000893604321166
483,0.8887318968562345,0.894032021798532,0.8887318968562345,0.8907842649067453,0.9478093800972732,0.8000893604321166
410,0.8887318968562345,0.893903988316208,0.8887318968562345,0.8907044118470353,0.9513770746958966,0.8000977500360182
287,0.88802543270929,0.8957971120337763,0.88802543270929,0.8907905620469015,0.9496705759653444,0.8000983619736645
382,0.8883786647827623,0.8947780468643423,0.8883786647827623,0.890691280890259,0.9509828264977928,0.8001573974902987
440,0.8887318968562345,0.8940068724950259,0.8887318968562345,0.890723098369505,0.9495912250928448,0.8001704273179095
491,0.8887318968562345,0.8943458090358369,0.8887318968562345,0.8908969884312272,0.9479013742360872,0.8002204076567011
489,0.8887318968562345,0.8943641431288105,0.8887318968562345,0.8909047637614602,0.9474366796574104,0.8002221363484662
469,0.8887318968562345,0.894377463137699,0.8887318968562345,0.8909098273089131,0.9494164260846626,0.8002242201815577
402,0.8887318968562345,0.8940517849128191,0.8887318968562345,0.8907379521074423,0.9503199145432776,0.8002248302433084
366,0.8883786647827623,0.894858972328024,0.8883786647827623,0.8906991893043247,0.9510647012568932,0.800225631273552
298,0.8883786647827623,0.8948650098206118,0.8883786647827623,0.8907021467485996,0.9498556526308748,0.800225631273552
368,0.8883786647827623,0.8950434690554206,0.8883786647827623,0.8907652895986954,0.950677474107979,0.8002942335849557
355,0.8883786647827623,0.8950231376248673,0.8883786647827623,0.8907429180891029,0.9512196324497554,0.8003120941942484
361,0.8883786647827623,0.8950134916339986,0.8883786647827623,0.8907344697170996,0.9511971154701708,0.8003174431503635
372,0.8883786647827623,0.8952409369447274,0.8883786647827623,0.8908398266984284,0.9501800185034498,0.8003598005781047
350,0.8883786647827623,0.8952104532580223,0.8883786647827623,0.8908139706080719,0.9505654251540144,0.8003755340978697
315,0.8883786647827623,0.895494735368133,0.8883786647827623,0.8909341584088577,0.9490870002166756,0.8004489757331836
286,0.8883786647827623,0.8954905678293554,0.8883786647827623,0.8909209177552067,0.949110841472837,0.800465010046497
299,0.8883786647827623,0.8953819573357219,0.8883786647827623,0.8908591118436194,0.950358833730213,0.800465010046497
342,0.8883786647827623,0.8953728771235294,0.8883786647827623,0.8908546693591334,0.950445461707226,0.800465010046497
415,0.8890851289297068,0.8936967390137962,0.8890851289297068,0.8908710934672592,0.9511442495181028,0.8004714559864868
499,0.8887318968562345,0.8950344488585827,0.8887318968562345,0.8911456467519748,0.9469386294423092,0.8004911283789916
300,0.8883786647827623,0.8957319070936317,0.8883786647827623,0.8910390139192909,0.9501465870893164,0.8004991993206213
408,0.8890851289297068,0.8938083657672599,0.8890851289297068,0.8909124290120474,0.951322665689672,0.8005267021340619
407,0.8890851289297068,0.893868949731247,0.8890851289297068,0.8909334080779618,0.9503623592270166,0.8005393371403026
319,0.8883786647827623,0.8956604191833616,0.8883786647827623,0.8909760239555455,0.9494697925362772,0.8005393391069481
406,0.8890851289297068,0.8939027900424864,0.8890851289297068,0.8909315321348044,0.9511767306553196,0.8005942483247637
397,0.8890851289297068,0.8937530180448713,0.8890851289297068,0.890829266500023,0.9513507718864112,0.8006558347241161
458,0.8890851289297068,0.8942733088356632,0.8890851289297068,0.8910796885713469,0.9500374433549404,0.8007213942856094
472,0.8890851289297068,0.8943286490876982,0.8890851289297068,0.891081014323543,0.9499471224368312,0.8007857542252156
465,0.8890851289297068,0.894340652318598,0.8890851289297068,0.8910862983478438,0.9498782484437216,0.8007865963244007
481,0.8890851289297068,0.8945251434826452,0.8890851289297068,0.8911875379430056,0.9479161313338188,0.8007877939777807
493,0.8890851289297068,0.8945402353557245,0.8890851289297068,0.8911938465258493,0.9479945759293624,0.8007893471907397
302,0.8887318968562345,0.8950399555236972,0.8887318968562345,0.8909920723477817,0.9502569304337164,0.8007916910443335
304,0.8887318968562345,0.8952432211211974,0.8887318968562345,0.8911071146839897,0.9503644235584782,0.8007916910443335
453,0.8890851289297068,0.8943953527319158,0.8890851289297068,0.8911082561503934,0.9499068325289164,0.8007935203240354
332,0.8887318968562345,0.8951316937732531,0.8887318968562345,0.891041768134693,0.9501599545216411,0.8007959860311223
222,0.8883786647827623,0.8964611354299988,0.8883786647827623,0.8912772106880514,0.9471991580949854,0.8008061604560056
463,0.8890851289297068,0.8946500076816979,0.8890851289297068,0.8912175136995595,0.9497557458325682,0.8008597567063461
479,0.8890851289297068,0.8948603090616374,0.8890851289297068,0.8913083985755526,0.9474205915608858,0.8009217097810093
486,0.8890851289297068,0.894889548181664,0.8890851289297068,0.8913207831872284,0.9478863959163344,0.8009244582304818
471,0.8890851289297068,0.8947258976052975,0.8890851289297068,0.891226756484852,0.9497414788455036,0.8009263653613509
371,0.8887318968562345,0.8953925112737473,0.8887318968562345,0.8911107891367174,0.9508126768187284,0.8009364436320084
482,0.8890851289297068,0.8949432577175789,0.8890851289297068,0.8913204286331226,0.94806372186667,0.8009892249325621
473,0.8890851289297068,0.8948797248456467,0.8890851289297068,0.8912811382714535,0.9492687548852178,0.8009916170611272
403,0.8890851289297068,0.8948193157200623,0.8890851289297068,0.8912140760869977,0.9501052692934449,0.801071292573053
448,0.8890851289297068,0.8950891407348898,0.8890851289297068,0.8913327364985739,0.9497378152377142,0.8011250593962393
377,0.8890851289297068,0.8948191724523926,0.8890851289297068,0.8911797268118911,0.9511812577623262,0.8011353692980291
376,0.8890851289297068,0.8947977786559616,0.8890851289297068,0.8911625527516701,0.9508203505339932,0.8011450904110268
454,0.8894383610031791,0.8941529328134324,0.8894383610031791,0.8912630114849965,0.9501177878932058,0.8011607632716772
305,0.8887318968562345,0.8959355693695848,0.8887318968562345,0.8912901598881786,0.9506249454889384,0.8011614808472005
324,0.8887318968562345,0.8961309390184239,0.8887318968562345,0.8913679897324677,0.9496507539833164,0.801220698780719
476,0.8894383610031791,0.8944599451032921,0.8894383610031791,0.8913734661972605,0.9494288346845232,0.801289820575946
495,0.8894383610031791,0.894568270520895,0.8894383610031791,0.8914295720052398,0.9475368535110306,0.8012932887026862
496,0.8894383610031791,0.8947060229689474,0.8894383610031791,0.8914785080614717,0.9475692490927696,0.8013558666566397
327,0.8890851289297068,0.8954177920398614,0.8890851289297068,0.8913625988501247,0.9500412909070074,0.8014184511536421
352,0.8890851289297068,0.8954075381782168,0.8890851289297068,0.8913550938038836,0.9509311901001656,0.8014220407180568
480,0.8894383610031791,0.8948980063144946,0.8894383610031791,0.8915493335543532,0.9475941365702052,0.8014250391778335
362,0.8890851289297068,0.8953971894711138,0.8890851289297068,0.891347294087458,0.9509965654853362,0.8014259845983681
460,0.8894383610031791,0.8947434169426294,0.8894383610031791,0.8914605746608067,0.9503102284409484,0.8014269496506786
456,0.8894383610031791,0.8947564044467092,0.8894383610031791,0.8914653552416575,0.9500214701472004,0.8014292159804015
351,0.8890851289297068,0.895575930211665,0.8890851289297068,0.8914079995932549,0.951090660011135,0.8014980244434498
295,0.8890851289297068,0.8957665126533187,0.8890851289297068,0.891477203385457,0.9497544386670868,0.8015661355491781
443,0.8894383610031791,0.8952533936862022,0.8894383610031791,0.8916431957981916,0.9482843327777604,0.8016285652723395
301,0.8890851289297068,0.8960359765256531,0.8890851289297068,0.891583841350478,0.9505367726244373,0.8016480260037273
356,0.8890851289297068,0.8959294458855026,0.8890851289297068,0.8915232702773789,0.950999573371498,0.8016480260037273
412,0.8897915930766513,0.8942749326869729,0.8897915930766513,0.8915311349972497,0.9515437758780876,0.8016850269122211
312,0.8890851289297068,0.8961344620007557,0.8890851289297068,0.8916083259896971,0.9489259291960463,0.8017034643039264
316,0.8890851289297068,0.8961194164670873,0.8890851289297068,0.8915952380789001,0.9490532491917208,0.80171169349116
450,0.8897915930766513,0.8946932340638432,0.8897915930766513,0.891653093156212,0.9498287069330834,0.8019315698560715
459,0.8897915930766513,0.8947898495099375,0.8897915930766513,0.8917040532034931,0.9504047531885794,0.8019341965682074
343,0.8894383610031791,0.8956837421645851,0.8894383610031791,0.8917019789052782,0.9504573581964396,0.8019887588398074
451,0.8897915930766513,0.8949239065910491,0.8897915930766513,0.8917520027976119,0.9501841868885595,0.8019948285067516
455,0.8897915930766513,0.8949363870850832,0.8897915930766513,0.8917566606613183,0.9501002392424498,0.8019969196466614
310,0.8894383610031791,0.8955699275277198,0.8894383610031791,0.8916327498982827,0.950453521033252,0.8019973651173072
359,0.8894383610031791,0.8957755664319788,0.8894383610031791,0.8917180875734462,0.9510786785775536,0.8020527390999382
477,0.8897915930766513,0.8951593053280282,0.8897915930766513,0.8918528036229632,0.949278106710072,0.8020591751294848
488,0.8897915930766513,0.8952585076455765,0.8897915930766513,0.8919061632385322,0.9481338339697682,0.8020607311649272
322,0.8894383610031791,0.895842500207881,0.8894383610031791,0.8917471872985411,0.9494778433067552,0.8020692356519995
467,0.8897915930766513,0.8952800529647096,0.8897915930766513,0.8918805536776329,0.9492997644682136,0.8021308297559231
309,0.8894383610031791,0.8960261384268249,0.8894383610031791,0.8918136110977142,0.9506641170645338,0.8021366413805122
306,0.8894383610031791,0.8961091562994131,0.8894383610031791,0.8918155851161451,0.9509559547443788,0.8022140762804337
317,0.8894383610031791,0.8962864102223927,0.8894383610031791,0.8918783586755615,0.9494031405411526,0.8022818635739591
462,0.8901448251501236,0.895025723158881,0.8901448251501236,0.8920157592325972,0.949635658941447,0.8025122638645857
369,0.8897915930766513,0.8959368258590847,0.8897915930766513,0.8919958073762587,0.9506666128400488,0.8026273352283354
498,0.8901448251501236,0.896139068230277,0.8901448251501236,0.8924516733215235,0.946911262689344,0.8028972708084415
380,0.8901448251501236,0.8961352129339244,0.8901448251501236,0.8923370445092776,0.9507295877829516,0.8031242510738077
461,0.8904980572235959,0.8953612763643347,0.8904980572235959,0.8923774454958131,0.9501309310479558,0.8031312682988345
358,0.8901448251501236,0.8961559480357432,0.8901448251501236,0.8923192096846934,0.9508437964016244,0.8031770758596073
492,0.8904980572235959,0.8959767799354285,0.8904980572235959,0.8926184799512153,0.9481047878849924,0.8033321151391145
457,0.8908512892970681,0.8956660453210479,0.8908512892970681,0.8926995610407196,0.9504481224825913,0.8037705592451808
464,0.8908512892970681,0.8957983946427254,0.8908512892970681,0.8927454270433598,0.9496208700659666,0.803832647307513
494,0.8908512892970681,0.8959642341311969,0.8908512892970681,0.8928375713296676,0.9483015550954788,0.803832647307513
497,0.8908512892970681,0.8959642341311969,0.8908512892970681,0.8928375713296676,0.9483936934563848,0.803832647307513
470,0.8912045213705404,0.8960707945275187,0.8912045213705404,0.8931032710347003,0.9496579748656584,0.8043503245019502
478,0.8915577534440127,0.8966266080725527,0.8915577534440127,0.8935463256254893,0.9473840422606904,0.805042897448395
